date,regularballs,powerball
"January 1, 2014","15, 24, 40, 48, 52",23
"January 4, 2014","19, 20, 37, 41, 58",14
"January 8, 2014","10, 28, 39, 47, 58",22
"January 11, 2014","10, 15, 33, 48, 54",34
"January 15, 2014","7, 8, 9, 24, 29",25
"January 18, 2014","13, 14, 19, 31, 38",25
"January 22, 2014","1, 2, 7, 9, 55",29
"January 25, 2014","8, 12, 18, 55, 57",2
"January 29, 2014","11, 23, 28, 32, 47",20
"February 1, 2014","5, 12, 15, 27, 38",7
"February 5, 2014","8, 17, 32, 57, 59",24
"February 8, 2014","24, 25, 34, 37, 54",29
"February 12, 2014","36, 44, 49, 52, 57",1
"February 15, 2014","2, 9, 14, 21, 23",3
"February 19, 2014","1, 17, 35, 49, 54",34
"February 22, 2014","2, 3, 13, 14, 54",4
"February 26, 2014","11, 12, 17, 38, 42",2
"March 1, 2014","3, 8, 25, 30, 47",13
"March 5, 2014","3, 7, 9, 26, 54",19
"March 8, 2014","10, 14, 24, 32, 41",30
"March 12, 2014","14, 15, 28, 37, 54",10
"March 15, 2014","2, 5, 34, 51, 58",9
"March 19, 2014","2, 19, 23, 34, 43",14
"March 22, 2014","13, 28, 31, 55, 58",15
"March 26, 2014","28, 33, 41, 44, 59",21
"March 29, 2014","2, 3, 12, 27, 38",17
"April 2, 2014","8, 13, 19, 22, 53",24
"April 5, 2014","11, 21, 26, 33, 34",29
"April 9, 2014","9, 14, 44, 48, 49",29
"April 12, 2014","14, 26, 45, 54, 55",20
"April 16, 2014","34, 39, 42, 44, 59",8
"April 19, 2014","5, 6, 29, 35, 51",21
"April 23, 2014","19, 25, 29, 36, 48",12
"April 26, 2014","3, 7, 22, 30, 33",20
"April 30, 2014","2, 9, 11, 19, 50",32
"May 3, 2014","5, 15, 16, 46, 49",26
"May 7, 2014","17, 29, 31, 48, 49",34
"May 10, 2014","4, 31, 41, 47, 55",1
"May 14, 2014","7, 33, 39, 52, 55",33
"May 17, 2014","23, 32, 39, 47, 49",22
"May 21, 2014","4, 20, 34, 39, 58",31
"May 24, 2014","15, 16, 28, 49, 55",18
"May 28, 2014","2, 24, 28, 32, 59",25
"May 31, 2014","15, 27, 31, 34, 48",1
"June 4, 2014","1, 7, 10, 22, 49",24
"June 7, 2014","28, 30, 35, 58, 59",15
"June 11, 2014","14, 18, 25, 33, 49",23
"June 14, 2014","9, 33, 42, 45, 54",30
"June 18, 2014","6, 9, 29, 52, 59",7
"June 21, 2014","5, 6, 37, 41, 54",26
"June 25, 2014","10, 20, 25, 50, 53",35
"June 28, 2014","8, 12, 34, 43, 56",9
"July 2, 2014","8, 18, 45, 53, 58",35
"July 5, 2014","24, 34, 36, 57, 58",11
"July 9, 2014","9, 25, 42, 55, 57",14
"July 12, 2014","2, 3, 7, 23, 51",26
"July 16, 2014","5, 15, 18, 26, 32",35
"July 19, 2014","10, 17, 25, 45, 53",9
"July 23, 2014","4, 10, 12, 22, 31",3
"July 26, 2014","24, 28, 30, 38, 39",16
"July 30, 2014","13, 30, 42, 49, 53",29
"August 2, 2014","12, 26, 44, 46, 47",29
"August 6, 2014","1, 8, 24, 28, 49",24
"August 9, 2014","3, 12, 31, 34, 51",24
"August 13, 2014","8, 37, 39, 40, 52",24
"August 16, 2014","7, 8, 17, 48, 59",9
"August 20, 2014","4, 8, 21, 38, 40",3
"August 23, 2014","28, 32, 35, 36, 52",31
"August 27, 2014","17, 24, 26, 45, 46",19
"August 30, 2014","5, 28, 31, 52, 59",27
"September 3, 2014","2, 16, 43, 45, 51",35
"September 6, 2014","9, 29, 31, 43, 50",18
"September 10, 2014","2, 14, 39, 40, 43",13
"September 13, 2014","1, 6, 16, 37, 53",27
"September 17, 2014","18, 25, 36, 48, 50",23
"September 20, 2014","22, 23, 30, 37, 39",16
"September 24, 2014","7, 14, 21, 24, 41",26
"September 27, 2014","2, 11, 35, 52, 54",13
"October 1, 2014","1, 4, 18, 20, 45",7
"October 4, 2014","13, 18, 24, 25, 33",31
"October 8, 2014","5, 16, 31, 46, 50",18
"October 11, 2014","10, 19, 37, 38, 39",28
"October 15, 2014","5, 7, 19, 27, 28",20
"October 18, 2014","20, 26, 27, 36, 54",19
"October 22, 2014","29, 30, 40, 42, 50",16
"October 25, 2014","6, 10, 51, 54, 57",12
"October 29, 2014","25, 28, 48, 57, 59",16
"November 1, 2014","1, 3, 13, 25, 38",17
"November 5, 2014","2, 11, 19, 21, 42",34
"November 8, 2014","9, 19, 33, 38, 54",15
"November 12, 2014","37, 39, 51, 52, 55",11
"November 15, 2014","13, 16, 33, 35, 51",28
"November 19, 2014","6, 36, 38, 48, 51",17
"November 22, 2014","23, 49, 53, 54, 57",35
"November 26, 2014","16, 17, 22, 46, 54",35
"November 29, 2014","13, 24, 30, 42, 48",27
"December 3, 2014","25, 30, 32, 46, 54",26
"December 6, 2014","12, 15, 22, 43, 49",14
"December 10, 2014","34, 44, 48, 54, 55",10
"December 13, 2014","5, 13, 28, 43, 55",33
"December 17, 2014","22, 31, 38, 47, 48",15
"December 20, 2014","14, 15, 19, 31, 56",5
"December 24, 2014","11, 12, 46, 47, 50",22
"December 27, 2014","7, 10, 11, 14, 36",15
"December 31, 2014","17, 27, 37, 40, 53",35
"January 3, 2015","4, 18, 43, 46, 55",25
"January 7, 2015","14, 15, 47, 49, 59",10
"January 10, 2015","2, 9, 19, 28, 29",19
"January 14, 2015","2, 4, 10, 41, 53",22
"January 17, 2015","15, 16, 23, 27, 36",9
"January 21, 2015","11, 12, 15, 28, 57",23
"January 24, 2015","16, 19, 20, 29, 33",10
"January 28, 2015","12, 24, 35, 36, 49",1
"January 31, 2015","5, 11, 16, 26, 50",34
"February 4, 2015","24, 36, 51, 52, 56",22
"February 7, 2015","5, 10, 21, 34, 58",33
"February 11, 2015","11, 13, 25, 39, 54",19
"February 14, 2015","1, 24, 44, 45, 51",28
"February 18, 2015","1, 9, 29, 32, 49",22
"February 21, 2015","10, 14, 18, 34, 51",26
"February 25, 2015","17, 19, 21, 32, 39",8
"February 28, 2015","11, 17, 25, 28, 46",12
"March 4, 2015","8, 12, 15, 35, 50",32
"March 7, 2015","34, 36, 38, 42, 50",33
"March 11, 2015","11, 24, 31, 40, 44",27
"March 14, 2015","8, 14, 39, 46, 47",18
"March 18, 2015","14, 25, 30, 33, 47",8
"March 21, 2015","11, 16, 30, 38, 42",7
"March 25, 2015","7, 19, 23, 50, 54",14
"March 28, 2015","2, 4, 6, 12, 38",17
"April 1, 2015","2, 30, 33, 39, 44",1
"April 4, 2015","33, 39, 40, 41, 54",28
"April 8, 2015","1, 19, 45, 46, 58",29
"April 11, 2015","1, 12, 32, 42, 58",12
"April 15, 2015","1, 16, 21, 29, 40",30
"April 18, 2015","13, 22, 23, 29, 31",17
"April 22, 2015","10, 14, 25, 39, 53",18
"April 25, 2015","21, 33, 35, 38, 45",12
"April 29, 2015","1, 26, 34, 38, 51",6
"May 2, 2015","2, 6, 11, 30, 31",33
"May 6, 2015","23, 24, 27, 39, 41",30
"May 9, 2015","4, 15, 17, 35, 58",17
"May 13, 2015","1, 25, 29, 31, 47",7
"May 16, 2015","24, 29, 38, 48, 52",32
"May 20, 2015","1, 12, 28, 35, 44",25
"May 23, 2015","9, 15, 17, 31, 43",16
"May 27, 2015","8, 15, 34, 53, 59",23
"May 30, 2015","8, 9, 25, 56, 57",22
"June 3, 2015","6, 8, 13, 37, 40",11
"June 6, 2015","8, 13, 18, 27, 43",15
"June 10, 2015","31, 32, 48, 49, 53",25
"June 13, 2015","29, 41, 48, 52, 54",29
"June 17, 2015","20, 21, 22, 41, 54",7
"June 20, 2015","9, 10, 16, 20, 57",15
"June 24, 2015","3, 5, 10, 22, 32",7
"June 27, 2015","18, 28, 35, 46, 49",27
"July 1, 2015","7, 24, 26, 31, 41",25
"July 4, 2015","3, 6, 14, 18, 24",21
"July 8, 2015","4, 15, 25, 27, 30",18
"July 11, 2015","11, 39, 46, 52, 54",3
"July 15, 2015","13, 16, 34, 45, 50",11
"July 18, 2015","6, 37, 39, 45, 55",33
"July 22, 2015","12, 31, 43, 44, 57",11
"July 25, 2015","27, 29, 34, 41, 44",2
"July 29, 2015","4, 22, 27, 28, 52",35
"August 1, 2015","7, 13, 24, 49, 57",15
"August 5, 2015","9, 11, 14, 16, 42",19
"August 8, 2015","9, 34, 48, 52, 54",15
"August 12, 2015","8, 13, 29, 38, 52",28
"August 15, 2015","3, 13, 17, 42, 52",24
"August 19, 2015","6, 8, 43, 48, 50",7
"August 22, 2015","4, 12, 14, 21, 55",7
"August 26, 2015","2, 22, 32, 45, 56",12
"August 29, 2015","18, 21, 25, 28, 29",16
"September 2, 2015","17, 22, 30, 46, 56",16
"September 5, 2015","10, 16, 18, 29, 45",19
"September 9, 2015","44, 45, 47, 50, 51",8
"September 12, 2015","2, 3, 13, 16, 35",27
"September 16, 2015","5, 7, 24, 31, 39",7
"September 19, 2015","12, 17, 26, 43, 48",24
"September 23, 2015","8, 29, 41, 51, 58",5
"September 26, 2015","23, 31, 42, 50, 57",5
"September 30, 2015","21, 39, 40, 55, 59",17
"October 3, 2015","6, 26, 33, 44, 46",4
"October 7, 2015","18, 30, 40, 48, 52",9
"October 10, 2015","12, 27, 29, 43, 68",1
"October 14, 2015","15, 20, 29, 31, 40",1
"October 17, 2015","48, 49, 57, 62, 69",19
"October 21, 2015","30, 32, 42, 56, 57",11
"October 24, 2015","20, 31, 56, 60, 64",2
"October 28, 2015","4, 54, 56, 62, 63",10
"October 31, 2015","9, 20, 25, 47, 68",7
"November 4, 2015","2, 12, 17, 20, 65",17
"November 7, 2015","7, 16, 25, 50, 53",15
"November 11, 2015","4, 26, 32, 55, 64",18
"November 14, 2015","14, 22, 37, 45, 66",5
"November 18, 2015","17, 40, 41, 46, 69",6
"November 21, 2015","37, 47, 50, 52, 57",21
"November 25, 2015","16, 29, 53, 58, 69",21
"November 28, 2015","2, 6, 47, 66, 67",2
"December 2, 2015","14, 18, 19, 32, 64",9
"December 5, 2015","13, 27, 33, 47, 68",13
"December 9, 2015","7, 10, 16, 46, 56",1
"December 12, 2015","2, 14, 19, 30, 62",22
"December 16, 2015","9, 10, 32, 42, 55",6
"December 19, 2015","28, 30, 41, 59, 68",10
"December 23, 2015","16, 38, 55, 63, 67",25
"December 26, 2015","27, 40, 44, 59, 65",20
"December 30, 2015","12, 36, 38, 54, 61",22
"January 2, 2016","5, 6, 15, 29, 42",10
"January 6, 2016","2, 11, 47, 62, 63",17
"January 9, 2016","16, 19, 32, 34, 57",13
"January 13, 2016","4, 8, 19, 27, 34",10
"January 16, 2016","3, 51, 52, 61, 64",6
"January 20, 2016","5, 39, 44, 47, 69",24
"January 23, 2016","22, 32, 34, 40, 69",19
"January 27, 2016","3, 12, 40, 52, 67",21
"January 30, 2016","5, 12, 16, 31, 43",18
"February 3, 2016","26, 28, 31, 60, 67",23
"February 6, 2016","4, 13, 31, 36, 52",8
"February 10, 2016","2, 3, 40, 50, 62",5
"February 13, 2016","7, 15, 18, 19, 36",20
"February 17, 2016","7, 17, 27, 29, 40",25
"February 20, 2016","11, 12, 15, 16, 54",25
"February 24, 2016","21, 31, 64, 65, 67",5
"February 27, 2016","10, 11, 21, 22, 53",18
"March 2, 2016","12, 13, 44, 52, 62",6
"March 5, 2016","3, 27, 34, 59, 69",19
"March 9, 2016","14, 23, 32, 34, 68",3
"March 12, 2016","11, 28, 50, 57, 62",23
"March 16, 2016","10, 12, 13, 46, 50",21
"March 19, 2016","11, 23, 43, 54, 60",3
"March 23, 2016","5, 8, 15, 22, 49",25
"March 26, 2016","11, 23, 42, 52, 68",6
"March 30, 2016","24, 44, 53, 55, 63",19
"April 2, 2016","9, 28, 30, 40, 61",3
"April 6, 2016","4, 28, 49, 60, 65",25
"April 9, 2016","14, 22, 23, 41, 61",9
"April 13, 2016","30, 33, 35, 38, 64",22
"April 16, 2016","3, 18, 25, 32, 51",3
"April 20, 2016","12, 25, 30, 52, 62",8
"April 23, 2016","19, 35, 46, 59, 62",13
"April 27, 2016","2, 25, 33, 39, 64",17
"April 30, 2016","3, 12, 16, 32, 34",14
"May 4, 2016","30, 47, 57, 66, 69",3
"May 7, 2016","5, 25, 26, 44, 66",9
"May 11, 2016","20, 32, 52, 66, 69",23
"May 14, 2016","13, 27, 47, 64, 65",9
"May 18, 2016","23, 25, 39, 54, 67",11
"May 21, 2016","5, 7, 9, 23, 32",26
"May 25, 2016","11, 24, 41, 59, 64",15
"May 28, 2016","6, 33, 34, 58, 59",12
"June 1, 2016","23, 30, 33, 40, 69",12
"June 4, 2016","16, 20, 22, 43, 64",17
"June 8, 2016","12, 25, 37, 60, 69",20
"June 11, 2016","20, 27, 36, 41, 58",7
"June 15, 2016","4, 22, 24, 31, 33",10
"June 18, 2016","2, 23, 41, 53, 63",11
"June 22, 2016","14, 40, 42, 43, 52",17
"June 25, 2016","3, 27, 36, 56, 69",25
"June 29, 2016","23, 29, 37, 60, 64",6
"July 2, 2016","10, 34, 39, 59, 63",4
"July 6, 2016","2, 24, 31, 57, 66",18
"July 9, 2016","10, 28, 32, 61, 64",12
"July 13, 2016","3, 15, 29, 54, 57",10
"July 16, 2016","11, 17, 40, 50, 62",26
"July 20, 2016","6, 25, 35, 58, 66",5
"July 23, 2016","5, 7, 23, 35, 39",11
"July 27, 2016","10, 47, 50, 65, 68",24
"July 30, 2016","11, 17, 21, 23, 32",5
"August 3, 2016","9, 11, 27, 66, 67",2
"August 6, 2016","20, 33, 36, 47, 52",12
"August 10, 2016","23, 56, 61, 64, 67",12
"August 13, 2016","38, 44, 60, 64, 69",6
"August 17, 2016","33, 44, 49, 50, 52",8
"August 20, 2016","3, 6, 21, 60, 68",24
"August 24, 2016","9, 11, 25, 64, 65",16
"August 27, 2016","4, 32, 48, 49, 63",20
"August 31, 2016","5, 10, 24, 56, 61",12
"September 3, 2016","7, 39, 50, 59, 67",25
"September 7, 2016","22, 23, 29, 33, 55",21
"September 10, 2016","3, 17, 49, 55, 68",8
"September 14, 2016","10, 11, 23, 28, 31",14
"September 17, 2016","9, 19, 51, 55, 62",14
"September 21, 2016","1, 28, 63, 67, 69",17
"September 24, 2016","7, 15, 20, 29, 41",22
"September 28, 2016","30, 38, 52, 53, 62",1
"October 1, 2016","2, 12, 50, 61, 64",1
"October 5, 2016","8, 18, 27, 29, 60",15
"October 8, 2016","3, 54, 61, 64, 68",9
"October 12, 2016","16, 30, 34, 37, 44",16
"October 15, 2016","23, 49, 57, 64, 67",20
"October 19, 2016","10, 16, 38, 43, 63",23
"October 22, 2016","1, 28, 33, 55, 56",22
"October 26, 2016","2, 3, 16, 48, 56",24
"October 29, 2016","19, 20, 21, 42, 48",23
"November 2, 2016","13, 18, 37, 54, 61",5
"November 5, 2016","21, 31, 50, 51, 69",8
"November 9, 2016","1, 25, 28, 31, 54",2
"November 12, 2016","8, 17, 20, 27, 52",24
"November 16, 2016","28, 41, 61, 63, 65",7
"November 19, 2016","16, 24, 28, 43, 61",21
"November 23, 2016","7, 32, 41, 47, 61",3
"November 26, 2016","17, 19, 21, 37, 44",16
"November 30, 2016","3, 14, 18, 25, 45",7
"December 3, 2016","8, 10, 26, 27, 33",22
"December 7, 2016","41, 48, 49, 53, 64",20
"December 10, 2016","12, 21, 32, 44, 66",15
"December 14, 2016","18, 26, 37, 39, 66",15
"December 17, 2016","1, 8, 16, 40, 48",10
"December 21, 2016","25, 33, 40, 54, 68",3
"December 24, 2016","28, 38, 42, 51, 52",21
"December 28, 2016","16, 23, 30, 44, 58",4
"December 31, 2016","1, 3, 28, 57, 67",9
"January 4, 2017","16, 17, 29, 41, 42",4
"January 7, 2017","3, 12, 24, 37, 63",10
"January 11, 2017","1, 3, 13, 16, 43",24
"January 14, 2017","23, 55, 59, 64, 69",13
"January 18, 2017","9, 40, 41, 53, 58",12
"January 21, 2017","23, 25, 45, 52, 67",2
"January 25, 2017","18, 28, 62, 66, 68",22
"January 28, 2017","12, 20, 39, 49, 69",17
"February 1, 2017","9, 43, 57, 60, 64",10
"February 4, 2017","6, 13, 16, 17, 52",25
"February 8, 2017","14, 20, 42, 49, 66",5
"February 11, 2017","5, 9, 17, 37, 64",2
"February 15, 2017","5, 28, 33, 38, 42",19
"February 18, 2017","3, 7, 9, 31, 33",20
"February 22, 2017","10, 13, 28, 52, 61",2
"February 25, 2017","6, 32, 47, 62, 65",19
"March 1, 2017","10, 16, 40, 52, 55",17
"March 4, 2017","2, 18, 19, 22, 63",19
"March 8, 2017","23, 33, 42, 46, 59",4
"March 11, 2017","1, 26, 41, 50, 57",11
"March 15, 2017","16, 30, 41, 48, 53",16
"March 18, 2017","13, 25, 44, 54, 67",5
"March 22, 2017","2, 9, 27, 29, 42",9
"March 25, 2017","18, 31, 32, 45, 48",16
"March 29, 2017","8, 15, 31, 36, 62",11
"April 1, 2017","9, 32, 36, 44, 65",1
"April 5, 2017","8, 20, 46, 53, 54",13
"April 8, 2017","23, 36, 51, 53, 60",15
"April 12, 2017","8, 14, 61, 63, 68",24
"April 15, 2017","5, 22, 26, 45, 61",13
"April 19, 2017","1, 19, 37, 40, 52",15
"April 22, 2017","21, 39, 41, 48, 63",6
"April 26, 2017","1, 15, 18, 26, 51",26
"April 29, 2017","22, 23, 24, 45, 62",5
"May 3, 2017","17, 18, 49, 59, 66",9
"May 6, 2017","11, 21, 31, 41, 59",21
"May 10, 2017","29, 31, 46, 56, 62",8
"May 13, 2017","17, 20, 32, 63, 68",19
"May 17, 2017","4, 11, 39, 45, 48",9
"May 20, 2017","5, 22, 45, 47, 54",3
"May 24, 2017","28, 32, 33, 38, 62",15
"May 27, 2017","5, 10, 28, 55, 67",9
"May 31, 2017","4, 33, 39, 46, 60",6
"June 3, 2017","3, 9, 21, 41, 54",25
"June 7, 2017","5, 21, 57, 66, 69",13
"June 10, 2017","20, 26, 32, 38, 58",3
"June 14, 2017","5, 22, 43, 57, 63",24
"June 17, 2017","10, 13, 32, 53, 62",21
"June 21, 2017","14, 46, 61, 65, 68",13
"June 24, 2017","10, 22, 32, 36, 58",10
"June 28, 2017","29, 37, 46, 53, 68",8
"July 1, 2017","19, 42, 45, 48, 53",16
"July 5, 2017","4, 9, 16, 54, 68",21
"July 8, 2017","8, 10, 29, 40, 59",26
"July 12, 2017","1, 2, 18, 23, 61",9
"July 15, 2017","9, 40, 63, 64, 66",17
"July 19, 2017","50, 51, 59, 61, 63",4
"July 22, 2017","5, 32, 44, 53, 60",9
"July 26, 2017","7, 19, 21, 42, 69",12
"July 29, 2017","1, 28, 40, 45, 48",12
"August 2, 2017","1, 16, 54, 63, 69",18
"August 5, 2017","11, 21, 28, 33, 45",11
"August 9, 2017","12, 30, 36, 47, 62",9
"August 12, 2017","20, 24, 26, 35, 49",19
"August 16, 2017","9, 15, 43, 60, 64",4
"August 19, 2017","17, 19, 39, 43, 68",13
"August 23, 2017","6, 7, 16, 23, 26",4
"August 26, 2017","7, 15, 32, 38, 66",15
"August 30, 2017","19, 28, 43, 67, 69",7
"September 2, 2017","6, 21, 41, 52, 62",26
"September 6, 2017","8, 14, 32, 58, 67",17
"September 9, 2017","6, 20, 29, 57, 59",22
"September 13, 2017","17, 24, 35, 57, 63",19
"September 16, 2017","17, 18, 24, 25, 31",24
"September 20, 2017","39, 48, 53, 67, 68",26
"September 23, 2017","24, 45, 55, 56, 57",19
"September 27, 2017","8, 10, 21, 23, 25",22
"September 30, 2017","8, 12, 25, 41, 64",15
"October 4, 2017","22, 23, 62, 63, 66",24
"October 7, 2017","10, 49, 61, 63, 65",7
"October 11, 2017","1, 3, 13, 19, 69",23
"October 14, 2017","32, 37, 56, 66, 69",11
"October 18, 2017","30, 49, 54, 66, 69",8
"October 21, 2017","14, 41, 42, 45, 69",4
"October 25, 2017","18, 22, 29, 54, 57",8
"October 28, 2017","27, 35, 38, 57, 66",10
"November 1, 2017","3, 6, 19, 26, 44",1
"November 4, 2017","12, 14, 26, 48, 51",13
"November 8, 2017","12, 14, 20, 21, 34",22
"November 11, 2017","4, 6, 16, 30, 56",18
"November 15, 2017","23, 32, 44, 48, 50",25
"November 18, 2017","17, 28, 31, 32, 39",26
"November 22, 2017","35, 37, 46, 51, 61",13
"November 25, 2017","8, 13, 27, 53, 54",4
"November 29, 2017","24, 26, 28, 59, 63",16
"December 2, 2017","28, 30, 32, 36, 58",6
"December 6, 2017","19, 20, 50, 55, 62",9
"December 9, 2017","25, 36, 37, 55, 60",6
"December 13, 2017","2, 24, 28, 51, 58",7
"December 16, 2017","9, 35, 37, 50, 63",11
"December 20, 2017","1, 20, 61, 64, 69",20
"December 23, 2017","1, 3, 13, 15, 44",25
"December 27, 2017","3, 9, 16, 56, 60",3
"December 30, 2017","28, 36, 41, 51, 58",24
"January 3, 2018","2, 18, 37, 39, 42",12
"January 6, 2018","12, 29, 30, 33, 61",26
"January 10, 2018","7, 24, 33, 49, 50",4
"January 13, 2018","14, 25, 35, 58, 69",24
"January 17, 2018","3, 33, 37, 51, 57",21
"January 20, 2018","26, 28, 47, 49, 58",3
"January 24, 2018","5, 9, 11, 33, 64",21
"January 27, 2018","17, 21, 26, 47, 54",7
"January 31, 2018","4, 7, 14, 46, 59",22
"February 3, 2018","15, 23, 27, 48, 53",6
"February 7, 2018","23, 34, 35, 40, 47",10
"February 10, 2018","1, 13, 27, 41, 59",20
"February 14, 2018","37, 39, 44, 46, 69",26
"February 17, 2018","13, 26, 39, 44, 62",2
"February 21, 2018","7, 15, 31, 34, 36",8
"February 24, 2018","24, 25, 38, 62, 63",6
"February 28, 2018","12, 30, 59, 65, 69",16
"March 3, 2018","13, 17, 25, 36, 40",5
"March 7, 2018","6, 13, 19, 36, 51",18
"March 10, 2018","43, 44, 54, 61, 69",22
"March 14, 2018","6, 12, 24, 41, 68",9
"March 17, 2018","22, 57, 59, 60, 66",7
"March 21, 2018","3, 4, 18, 29, 61",25
"March 24, 2018","10, 33, 45, 53, 56",24
"March 28, 2018","6, 8, 26, 52, 53",21
"March 31, 2018","8, 24, 52, 55, 61",21
"April 4, 2018","8, 24, 42, 54, 64",24
"April 7, 2018","2, 17, 20, 38, 39",20
"April 11, 2018","16, 18, 27, 55, 67",18
"April 14, 2018","17, 19, 26, 61, 62",15
"April 18, 2018","9, 10, 12, 17, 23",9
"April 21, 2018","40, 50, 54, 62, 69",19
"April 25, 2018","17, 18, 39, 56, 64",12
"April 28, 2018","20, 22, 28, 45, 50",8
"May 2, 2018","5, 14, 31, 40, 50",6
"May 5, 2018","14, 29, 36, 57, 61",17
"May 9, 2018","11, 16, 38, 50, 69",19
"May 12, 2018","22, 42, 45, 55, 56",14
"May 16, 2018","17, 19, 21, 22, 51",19
"May 19, 2018","3, 6, 9, 17, 56",25
"May 23, 2018","20, 54, 56, 61, 64",7
"May 26, 2018","1, 21, 31, 45, 49",21
"May 30, 2018","17, 23, 26, 46, 68",20
"June 2, 2018","23, 25, 37, 44, 64",7
"June 6, 2018","23, 28, 41, 53, 56",14
"June 9, 2018","6, 10, 15, 25, 36",14
"June 13, 2018","13, 20, 38, 45, 55",1
"June 16, 2018","9, 45, 57, 58, 65",9
"June 20, 2018","4, 14, 23, 27, 56",13
"June 23, 2018","16, 29, 43, 45, 56",25
"June 27, 2018","7, 28, 37, 62, 63",15
"June 30, 2018","3, 9, 20, 42, 61",24
"July 4, 2018","4, 7, 15, 41, 44",10
"July 7, 2018","1, 10, 43, 45, 64",22
"July 11, 2018","19, 21, 27, 46, 47",7
"July 14, 2018","22, 41, 42, 49, 67",11
"July 18, 2018","1, 10, 27, 28, 36",12
"July 21, 2018","9, 23, 56, 58, 68",1
"July 25, 2018","2, 18, 41, 44, 64",26
"July 28, 2018","22, 27, 46, 56, 65",13
"August 1, 2018","5, 22, 32, 38, 58",26
"August 4, 2018","3, 11, 38, 44, 58",2
"August 8, 2018","10, 21, 30, 43, 63",17
"August 11, 2018","5, 43, 56, 62, 68",24
"August 15, 2018","12, 15, 28, 47, 48",16
"August 18, 2018","24, 34, 52, 61, 67",16
"August 22, 2018","1, 7, 45, 47, 69",13
"August 25, 2018","20, 25, 54, 57, 63",8
"August 29, 2018","25, 41, 53, 57, 67",12
"September 1, 2018","11, 54, 55, 61, 66",9
"September 5, 2018","6, 15, 50, 59, 60",13
"September 8, 2018","3, 13, 20, 32, 33",21
"September 12, 2018","6, 28, 48, 63, 64",24
"September 15, 2018","2, 18, 19, 24, 34",3
"September 19, 2018","4, 39, 48, 50, 51",11
"September 22, 2018","24, 61, 63, 64, 69",18
"September 26, 2018","1, 2, 7, 30, 50",8
"September 29, 2018","9, 17, 34, 59, 64",22
"October 3, 2018","41, 53, 59, 63, 66",3
"October 6, 2018","1, 22, 27, 53, 67",15
"October 10, 2018","8, 23, 27, 42, 60",7
"October 13, 2018","11, 14, 32, 43, 65",15
"October 17, 2018","3, 57, 64, 68, 69",15
"October 20, 2018","16, 54, 57, 62, 69",23
"October 24, 2018","3, 21, 45, 53, 56",22
"October 27, 2018","8, 12, 13, 19, 27",4
"October 31, 2018","7, 25, 39, 40, 47",20
"November 3, 2018","15, 21, 24, 32, 65",11
"November 7, 2018","26, 28, 34, 42, 50",25
"November 10, 2018","5, 29, 34, 53, 57",24
"November 14, 2018","7, 42, 49, 62, 69",23
"November 17, 2018","6, 8, 20, 52, 68",5
"November 21, 2018","7, 14, 23, 38, 55",18
"November 24, 2018","11, 33, 51, 56, 58",18
"November 28, 2018","4, 19, 59, 68, 69",21
"December 1, 2018","10, 11, 47, 55, 58",26
"December 5, 2018","9, 11, 36, 37, 38",11
"December 8, 2018","14, 32, 34, 46, 61",10
"December 12, 2018","4, 9, 21, 29, 64",26
"December 15, 2018","8, 38, 43, 52, 55",17
"December 19, 2018","15, 29, 31, 37, 43",16
"December 22, 2018","21, 28, 30, 40, 59",26
"December 26, 2018","5, 25, 38, 52, 67",24
"December 29, 2018","12, 42, 51, 53, 62",25
"January 2, 2019","8, 12, 42, 46, 56",12
"January 5, 2019","3, 7, 15, 27, 69",19
"January 9, 2019","6, 19, 37, 49, 59",22
"January 12, 2019","7, 36, 48, 57, 58",24
"January 16, 2019","14, 29, 31, 56, 61",1
"January 19, 2019","5, 8, 41, 65, 66",20
"January 23, 2019","23, 25, 47, 48, 50",24
"January 26, 2019","8, 12, 20, 21, 32",10
"January 30, 2019","2, 12, 16, 29, 54",6
"February 2, 2019","10, 17, 18, 43, 65",13
"February 6, 2019","5, 13, 28, 38, 63",21
"February 9, 2019","1, 2, 3, 7, 39",25
"February 13, 2019","2, 8, 14, 24, 69",26
"February 16, 2019","29, 30, 41, 48, 64",1
"February 20, 2019","27, 49, 50, 51, 52",2
"February 23, 2019","4, 6, 14, 20, 32",13
"February 27, 2019","21, 31, 42, 49, 59",23
"March 2, 2019","1, 19, 25, 27, 68",21
"March 6, 2019","6, 10, 21, 35, 46",23
"March 9, 2019","5, 6, 45, 55, 59",14
"March 13, 2019","18, 36, 45, 47, 69",14
"March 16, 2019","30, 34, 39, 53, 67",11
"March 20, 2019","10, 14, 50, 53, 63",21
"March 23, 2019","24, 25, 52, 60, 66",5
"March 27, 2019","16, 20, 37, 44, 62",12
"March 30, 2019","21, 52, 54, 64, 68",4
"April 3, 2019","16, 19, 25, 32, 49",18
"April 6, 2019","15, 33, 43, 59, 60",8
"April 10, 2019","12, 21, 23, 39, 67",6
"April 13, 2019","4, 17, 26, 32, 49",10
"April 17, 2019","1, 15, 17, 46, 66",15
"April 20, 2019","3, 27, 30, 63, 65",1
"April 24, 2019","6, 32, 35, 36, 65",4
"April 27, 2019","2, 29, 41, 45, 62",6
"May 1, 2019","5, 23, 28, 56, 66",17
"May 4, 2019","6, 16, 23, 30, 61",2
"May 8, 2019","1, 45, 53, 64, 66",3
"May 11, 2019","6, 8, 9, 37, 40",26
"May 15, 2019","7, 17, 33, 61, 68",4
"May 18, 2019","2, 10, 25, 66, 67",26
"May 22, 2019","7, 10, 20, 44, 57",3
"May 25, 2019","1, 2, 39, 43, 66",2
"May 29, 2019","3, 32, 34, 42, 61",7
"June 1, 2019","6, 15, 34, 45, 52",8
"June 5, 2019","17, 23, 28, 34, 38",8
"June 8, 2019","9, 13, 42, 48, 60",18
"June 12, 2019","5, 35, 38, 42, 57",13
"June 15, 2019","8, 11, 14, 16, 49",14
"June 19, 2019","4, 18, 21, 26, 38",1
"June 22, 2019","3, 6, 11, 14, 66",21
"June 26, 2019","1, 5, 16, 22, 54",24
"June 29, 2019","13, 17, 24, 59, 62",8
"July 3, 2019","40, 43, 45, 50, 61",25
"July 6, 2019","4, 8, 23, 46, 65",1
"July 10, 2019","7, 9, 26, 44, 68",3
"July 13, 2019","13, 23, 32, 35, 68",21
"July 17, 2019","19, 43, 47, 60, 68",10
"July 20, 2019","5, 26, 36, 64, 69",19
"July 24, 2019","22, 29, 35, 53, 56",13
"July 27, 2019","1, 19, 31, 48, 61",6
"July 31, 2019","14, 37, 47, 55, 67",6
"August 3, 2019","3, 6, 45, 66, 68",13
"August 7, 2019","8, 32, 47, 53, 59",3
"August 10, 2019","35, 41, 44, 58, 59",3
"August 14, 2019","10, 13, 30, 51, 69",10
"August 17, 2019","18, 21, 24, 30, 60",20
"August 21, 2019","12, 21, 22, 29, 32",21
"August 24, 2019","5, 12, 20, 21, 47",1
"August 28, 2019","9, 32, 37, 41, 56",14
"August 31, 2019","14, 41, 50, 56, 57",18
"September 4, 2019","4, 8, 30, 52, 59",2
"September 7, 2019","11, 20, 41, 42, 56",6
"September 11, 2019","6, 17, 24, 53, 57",3
"September 14, 2019","11, 27, 31, 36, 67",11
"September 18, 2019","14, 19, 39, 47, 51",15
"September 21, 2019","1, 9, 22, 36, 68",22
"September 25, 2019","37, 43, 44, 45, 53",25
"September 28, 2019","15, 23, 34, 51, 55",4
"October 2, 2019","4, 8, 10, 43, 53",7
"October 5, 2019","6, 14, 36, 51, 54",4
"October 9, 2019","5, 18, 33, 43, 65",2
"October 12, 2019","12, 29, 34, 53, 65",23
"October 16, 2019","1, 5, 25, 63, 67",3
"October 19, 2019","14, 27, 29, 59, 65",12
"October 23, 2019","5, 12, 50, 61, 69",23
"October 26, 2019","3, 20, 48, 54, 59",4
"October 30, 2019","19, 22, 52, 56, 67",21
"November 2, 2019","3, 23, 32, 37, 58",22
"November 6, 2019","15, 28, 46, 62, 64",17
"November 9, 2019","14, 17, 35, 38, 60",25
"November 13, 2019","23, 26, 27, 28, 66",11
"November 16, 2019","14, 22, 26, 55, 63",26
"November 20, 2019","7, 15, 39, 40, 57",12
"November 23, 2019","28, 35, 38, 61, 66",23
"November 27, 2019","15, 26, 37, 53, 55",21
"November 30, 2019","15, 35, 42, 63, 68",18
"December 4, 2019","8, 27, 44, 51, 61",14
"December 7, 2019","18, 42, 53, 62, 66",25
"December 11, 2019","24, 29, 42, 44, 63",10
"December 14, 2019","3, 6, 12, 32, 64",19
"December 18, 2019","14, 18, 26, 39, 68",9
"December 21, 2019","19, 31, 35, 50, 67",14
"December 25, 2019","2, 4, 16, 30, 46",20
"December 28, 2019","20, 23, 39, 59, 60",18
"January 1, 2020","49, 53, 57, 59, 62",26
"January 4, 2020","1, 11, 21, 25, 54",7
"January 8, 2020","2, 4, 7, 43, 56",22
"January 11, 2020","3, 21, 23, 31, 59",3
"January 15, 2020","39, 41, 53, 55, 68",19
"January 18, 2020","20, 24, 38, 56, 68",18
"January 22, 2020","11, 33, 44, 59, 67",8
"January 25, 2020","2, 9, 17, 36, 67",18
"January 29, 2020","9, 12, 15, 31, 60",2
"February 1, 2020","12, 33, 54, 57, 60",13
"February 5, 2020","23, 30, 35, 41, 57",2
"February 8, 2020","35, 49, 50, 59, 66",6
"February 12, 2020","14, 47, 54, 55, 68",25
"February 15, 2020","16, 32, 35, 36, 46",3
"February 19, 2020","10, 12, 15, 19, 56",19
"February 22, 2020","25, 37, 39, 61, 62",11
"February 26, 2020","8, 27, 29, 36, 47",24
"February 29, 2020","24, 44, 46, 50, 51",13
"March 4, 2020","18, 43, 58, 60, 68",14
"March 7, 2020","7, 15, 21, 33, 62",23
"March 11, 2020","4, 29, 49, 50, 67",2
"March 14, 2020","9, 23, 26, 30, 32",8
"March 18, 2020","15, 27, 44, 59, 63",8
"March 21, 2020","2, 23, 40, 59, 69",13
"March 25, 2020","5, 9, 27, 39, 42",16
"March 28, 2020","7, 40, 48, 55, 66",11
"April 1, 2020","33, 35, 45, 48, 60",16
"April 4, 2020","8, 31, 39, 40, 43",4
"April 8, 2020","2, 37, 39, 48, 54",5
"April 11, 2020","22, 29, 30, 42, 47",17
"April 15, 2020","10, 12, 33, 36, 41",2
"April 18, 2020","4, 44, 46, 56, 63",19
"April 22, 2020","1, 33, 35, 40, 69",24
"April 25, 2020","1, 3, 21, 47, 57",18
"April 29, 2020","2, 20, 49, 61, 67",20
"May 2, 2020","13, 16, 33, 58, 68",24
"May 6, 2020","7, 8, 35, 50, 65",20
"May 9, 2020","12, 18, 42, 48, 65",19
"May 13, 2020","39, 53, 54, 56, 57",20
"May 16, 2020","8, 12, 26, 39, 42",11
"May 20, 2020","18, 34, 40, 42, 50",9
"May 23, 2020","2, 8, 18, 21, 23",16
"May 27, 2020","38, 58, 59, 64, 68",21
"May 30, 2020","13, 32, 41, 58, 60",14
"June 3, 2020","1, 3, 26, 41, 64",17
"June 6, 2020","1, 17, 38, 68, 69",18
"June 10, 2020","10, 33, 41, 52, 54",18
"June 13, 2020","2, 12, 32, 50, 65",5
"June 17, 2020","7, 10, 63, 64, 68",10
"June 20, 2020","10, 31, 41, 63, 67",5
"June 24, 2020","15, 22, 27, 33, 46",23
"June 27, 2020","9, 36, 49, 56, 62",8
"July 1, 2020","15, 28, 52, 53, 63",18
"July 4, 2020","16, 21, 27, 60, 61",6
"July 8, 2020","3, 10, 34, 36, 62",5
"July 11, 2020","14, 19, 61, 62, 64",4
"July 15, 2020","27, 47, 61, 62, 69",4
"July 18, 2020","13, 16, 32, 58, 59",9
"July 22, 2020","16, 25, 36, 44, 55",14
"July 25, 2020","5, 21, 36, 61, 62",18
"July 29, 2020","7, 29, 35, 40, 45",26
"August 1, 2020","6, 25, 36, 43, 48",24
"August 5, 2020","7, 14, 17, 57, 65",24
"August 8, 2020","2, 3, 14, 40, 51",24
"August 12, 2020","2, 6, 18, 36, 37",21
"August 15, 2020","5, 12, 34, 45, 56",3
"August 19, 2020","13, 23, 47, 55, 58",23
"August 22, 2020","19, 30, 36, 42, 66",14
"August 26, 2020","8, 12, 19, 47, 58",2
"August 29, 2020","5, 21, 22, 29, 43",10
"September 2, 2020","1, 4, 11, 20, 69",18
"September 5, 2020","15, 21, 22, 27, 47",7
"September 9, 2020","27, 52, 55, 60, 64",21
"September 12, 2020","16, 17, 20, 53, 67",4
"September 16, 2020","10, 17, 31, 51, 53",1
"September 19, 2020","11, 14, 23, 47, 57",14
"September 23, 2020","8, 17, 49, 52, 59",1
"September 26, 2020","11, 21, 27, 36, 62",24
"September 30, 2020","14, 18, 36, 49, 67",18
"October 3, 2020","18, 31, 36, 43, 47",20
"October 7, 2020","6, 24, 30, 53, 56",19
"October 10, 2020","5, 18, 23, 40, 50",18
"October 14, 2020","21, 37, 52, 53, 58",5
"October 17, 2020","6, 10, 31, 37, 44",23
"October 21, 2020","1, 3, 13, 44, 56",26
"October 24, 2020","18, 20, 27, 45, 65",6
"October 28, 2020","11, 28, 37, 40, 53",13
"October 31, 2020","2, 6, 40, 42, 55",24
"November 4, 2020","23, 32, 33, 45, 49",14
"November 7, 2020","14, 16, 37, 48, 58",18
"November 11, 2020","13, 15, 17, 45, 63",13
"November 14, 2020","7, 15, 18, 32, 45",20
"November 18, 2020","4, 5, 17, 43, 52",5
"November 21, 2020","51, 54, 57, 60, 69",11
"November 25, 2020","2, 57, 58, 60, 65",26
"November 28, 2020","8, 12, 18, 44, 51",18
"December 2, 2020","28, 31, 40, 41, 46",4
"December 5, 2020","3, 4, 6, 48, 53",10
"December 9, 2020","11, 14, 31, 47, 48",4
"December 12, 2020","17, 54, 56, 63, 69",20
"December 16, 2020","4, 23, 37, 61, 67",7
"December 19, 2020","27, 32, 34, 43, 52",13
"December 23, 2020","6, 13, 38, 39, 53",6
"December 26, 2020","10, 24, 27, 35, 53",18
"December 30, 2020","3, 43, 45, 61, 65",14
"January 2, 2021","3, 4, 11, 41, 67",5
"January 6, 2021","1, 20, 22, 60, 66",3
"January 9, 2021","14, 26, 38, 45, 46",13
"January 13, 2021","4, 19, 23, 25, 49",14
"January 16, 2021","14, 20, 39, 65, 67",2
"January 20, 2021","40, 53, 60, 68, 69",22
"January 23, 2021","5, 8, 17, 27, 28",14
"January 27, 2021","17, 33, 35, 42, 52",9
"January 30, 2021","1, 2, 7, 52, 61",4
"February 3, 2021","5, 37, 40, 64, 66",5
"February 6, 2021","1, 16, 48, 49, 65",8
"February 10, 2021","15, 39, 58, 63, 67",7
"February 13, 2021","20, 28, 33, 63, 68",20
"February 17, 2021","1, 15, 21, 32, 46",1
"February 20, 2021","4, 8, 22, 32, 58",4
"February 24, 2021","4, 33, 43, 53, 65",21
"February 27, 2021","2, 28, 31, 44, 52",18
"March 3, 2021","21, 40, 44, 50, 55",16
"March 6, 2021","11, 31, 50, 52, 58",18
"March 10, 2021","17, 18, 37, 44, 53",18
"March 13, 2021","5, 11, 51, 56, 61",2
"March 17, 2021","34, 38, 42, 61, 62",19
"March 20, 2021","1, 6, 22, 42, 61",4
"March 24, 2021","4, 9, 17, 27, 38",18
"March 27, 2021","6, 14, 38, 39, 65",6
"March 31, 2021","3, 10, 44, 55, 68",24
"April 3, 2021","1, 12, 17, 39, 53",5
"April 7, 2021","27, 35, 39, 51, 66",16
"April 10, 2021","14, 16, 23, 50, 53",3
"April 14, 2021","13, 30, 33, 45, 61",14
"April 17, 2021","10, 21, 26, 41, 49",25
"April 21, 2021","21, 25, 32, 63, 67",6
"April 24, 2021","22, 36, 48, 59, 61",22
"April 28, 2021","16, 18, 35, 39, 53",21
"May 1, 2021","35, 36, 47, 61, 63",3
"May 5, 2021","16, 23, 28, 40, 63",1
"May 8, 2021","12, 17, 20, 21, 26",8
"May 12, 2021","1, 19, 20, 38, 54",17
"May 15, 2021","4, 10, 37, 39, 69",24
"May 19, 2021","11, 13, 55, 56, 69",4
"May 22, 2021","3, 19, 27, 37, 40",8
"May 26, 2021","2, 8, 21, 34, 62",16
"May 29, 2021","11, 13, 22, 27, 46",20
"June 2, 2021","6, 7, 11, 66, 67",19
"June 5, 2021","44, 52, 54, 64, 69",26
"June 9, 2021","19, 28, 46, 50, 54",9
"June 12, 2021","8, 25, 34, 38, 41",10
"June 16, 2021","19, 29, 34, 44, 50",25
"June 19, 2021","4, 22, 35, 38, 39",20
"June 23, 2021","13, 20, 40, 51, 63",1
"June 26, 2021","8, 31, 39, 43, 60",17
"June 30, 2021","24, 29, 50, 65, 66",14
"July 3, 2021","26, 40, 41, 55, 65",24
"July 7, 2021","8, 21, 30, 49, 57",8
"July 10, 2021","1, 5, 29, 54, 62",3
"July 14, 2021","33, 46, 52, 59, 62",10
"July 17, 2021","15, 22, 38, 54, 66",3
"July 21, 2021","27, 28, 44, 67, 68",11
"July 24, 2021","1, 4, 11, 59, 67",10
"July 28, 2021","25, 30, 53, 59, 60",5
"July 31, 2021","1, 21, 22, 34, 47",4
"August 4, 2021","5, 21, 32, 36, 58",14
"August 7, 2021","7, 24, 36, 54, 60",23
"August 11, 2021","12, 18, 20, 29, 30",16
"August 14, 2021","6, 21, 49, 65, 67",18
"August 18, 2021","35, 36, 51, 55, 61",26
"August 21, 2021","16, 28, 36, 39, 59",4
"August 23, 2021","17, 36, 47, 60, 61",15
"August 23, 2021","3, 28, 34, 39, 63",25
"August 25, 2021","27, 39, 54, 56, 59",24
"August 25, 2021","19, 31, 41, 51, 53",25
"August 28, 2021","12, 22, 26, 46, 59",26
"August 28, 2021","6, 13, 41, 47, 48",10
"August 30, 2021","3, 15, 45, 51, 61",8
"August 30, 2021","18, 27, 42, 43, 47",13
"September 1, 2021","10, 20, 29, 48, 51",17
"September 1, 2021","23, 35, 45, 59, 63",24
"September 4, 2021","32, 35, 40, 52, 54",1
"September 4, 2021","4, 40, 42, 49, 54",24
"September 6, 2021","11, 20, 22, 33, 54",24
"September 6, 2021","5, 10, 31, 38, 43",20
"September 8, 2021","9, 22, 41, 47, 61",21
"September 8, 2021","5, 33, 40, 50, 59",6
"September 11, 2021","20, 31, 38, 40, 49",21
"September 11, 2021","7, 39, 54, 64, 67",11
"September 13, 2021","37, 40, 50, 61, 63",21
"September 13, 2021","15, 29, 32, 35, 56",9
"September 15, 2021","1, 4, 18, 46, 62",25
"September 15, 2021","5, 34, 36, 38, 57",7
"September 18, 2021","5, 36, 39, 45, 57",11
"September 18, 2021","1, 11, 17, 20, 42",20
"September 20, 2021","37, 51, 54, 58, 60",19
"September 20, 2021","6, 12, 49, 58, 67",7
"September 22, 2021","20, 40, 47, 55, 63",5
"September 22, 2021","6, 7, 36, 41, 59",7
"September 25, 2021","22, 23, 37, 62, 63",19
"September 25, 2021","14, 18, 27, 31, 56",2
"September 27, 2021","21, 22, 39, 44, 60",12
"September 27, 2021","2, 27, 51, 62, 66",1
"September 29, 2021","2, 7, 11, 17, 32",11
"September 29, 2021","3, 19, 29, 50, 58",3
"October 2, 2021","28, 38, 42, 47, 52",1
"October 2, 2021","6, 12, 39, 58, 61",22
"October 4, 2021","12, 22, 54, 66, 69",15
"October 4, 2021","4, 13, 18, 61, 63",17
"October 6, 2021","1, 17, 52, 58, 64",1
"October 6, 2021","1, 5, 17, 22, 30",4
"October 9, 2021","12, 17, 30, 45, 62",5
"October 9, 2021","1, 26, 37, 38, 62",17
"October 11, 2021","11, 20, 33, 39, 65",24
"October 11, 2021","9, 39, 44, 49, 60",12
"October 13, 2021","23, 29, 47, 59, 60",15
"October 13, 2021","10, 34, 37, 58, 60",7
"October 16, 2021","30, 31, 41, 42, 48",3
"October 16, 2021","26, 33, 42, 44, 45",20
"October 18, 2021","30, 32, 48, 53, 63",12
"October 18, 2021","2, 19, 21, 62, 66",7
"October 20, 2021","7, 29, 36, 41, 43",5
"October 20, 2021","1, 4, 31, 37, 64",24
"October 23, 2021","10, 30, 51, 57, 63",20
"October 23, 2021","3, 8, 10, 11, 33",7
"October 25, 2021","10, 27, 29, 44, 58",24
"October 25, 2021","1, 26, 29, 46, 67",13
"October 27, 2021","3, 6, 26, 35, 51",17
"October 27, 2021","9, 17, 21, 26, 35",6
"October 30, 2021","5, 23, 28, 43, 56",19
"October 30, 2021","26, 29, 35, 39, 46",11
"November 1, 2021","9, 25, 34, 44, 45",8
"November 1, 2021","15, 37, 43, 44, 50",2
"November 3, 2021","1, 2, 24, 50, 57",26
"November 3, 2021","10, 22, 24, 37, 47",2
"November 6, 2021","8, 30, 48, 57, 64",9
"November 6, 2021","5, 23, 27, 52, 55",9
"November 8, 2021","21, 46, 47, 57, 62",8
"November 8, 2021","5, 6, 15, 22, 51",19
"November 10, 2021","19, 25, 43, 46, 48",14
"November 10, 2021","10, 31, 49, 58, 67",4
"November 13, 2021","8, 15, 26, 35, 45",9
"November 13, 2021","13, 16, 28, 37, 60",7
"November 15, 2021","5, 31, 34, 51, 53",23
"November 15, 2021","1, 6, 10, 52, 64",18
"November 17, 2021","3, 16, 48, 52, 60",1
"November 17, 2021","32, 44, 46, 55, 68",22
"November 20, 2021","40, 43, 48, 59, 69",19
"November 20, 2021","3, 24, 37, 44, 46",19
"November 22, 2021","7, 20, 29, 38, 67",22
"November 22, 2021","7, 22, 27, 39, 50",4
"November 24, 2021","10, 16, 32, 63, 65",17
"November 24, 2021","1, 18, 23, 25, 61",17
"November 27, 2021","8, 32, 55, 64, 66",10
"November 27, 2021","7, 11, 19, 31, 58",14
"November 29, 2021","18, 26, 28, 38, 47",17
"November 29, 2021","1, 31, 59, 67, 68",14
"December 1, 2021","12, 15, 38, 57, 63",24
"December 1, 2021","2, 25, 34, 58, 59",26
"December 4, 2021","10, 40, 45, 56, 67",2
"December 4, 2021","6, 19, 36, 46, 59",8
"December 6, 2021","3, 21, 38, 50, 59",6
"December 6, 2021","8, 15, 27, 55, 66",17
"December 8, 2021","3, 7, 33, 50, 69",24
"December 8, 2021","2, 9, 51, 63, 68",15
"December 11, 2021","3, 25, 44, 53, 64",10
"December 11, 2021","10, 20, 28, 46, 62",25
"December 13, 2021","10, 30, 37, 53, 59",4
"December 13, 2021","18, 25, 28, 41, 53",13
"December 15, 2021","19, 20, 40, 42, 59",15
"December 15, 2021","11, 21, 22, 50, 58",2
"December 18, 2021","2, 6, 24, 51, 61",1
"December 18, 2021","9, 16, 37, 57, 66",11
"December 20, 2021","2, 13, 23, 34, 66",2
"December 20, 2021","8, 26, 36, 37, 47",19
"December 22, 2021","7, 16, 19, 48, 68",15
"December 22, 2021","4, 25, 49, 59, 61",11
"December 25, 2021","27, 29, 45, 55, 58",2
"December 25, 2021","1, 15, 28, 48, 51",26
"December 27, 2021","36, 38, 45, 62, 64",19
"December 27, 2021","6, 11, 23, 24, 40",9
"December 29, 2021","2, 6, 9, 33, 39",11
"December 29, 2021","43, 51, 53, 63, 68",5
"January 1, 2022","6, 12, 39, 48, 50",7
"January 1, 2022","4, 6, 7, 10, 30",9
"January 3, 2022","2, 13, 32, 33, 48",22
"January 3, 2022","4, 19, 26, 64, 65",16
"January 5, 2022","6, 14, 25, 33, 46",17
"January 5, 2022","23, 41, 56, 62, 65",4
"January 8, 2022","20, 21, 36, 60, 65",13
"January 8, 2022","31, 48, 50, 54, 66",20
"January 10, 2022","14, 17, 18, 21, 27",9
"January 10, 2022","11, 28, 47, 59, 68",23
"January 12, 2022","12, 21, 22, 30, 33",24
"January 12, 2022","14, 25, 50, 53, 66",2
"January 15, 2022","3, 18, 37, 51, 59",13
"January 15, 2022","7, 16, 24, 53, 62",24
"January 17, 2022","9, 24, 35, 46, 65",22
"January 17, 2022","7, 19, 33, 38, 64",22
"January 19, 2022","11, 15, 43, 55, 61",10
"January 19, 2022","24, 25, 35, 59, 63",11
"January 22, 2022","8, 14, 33, 36, 67",17
"January 22, 2022","2, 10, 30, 45, 47",21
"January 24, 2022","11, 29, 30, 47, 53",16
"January 24, 2022","1, 20, 22, 23, 33",18
"January 26, 2022","4, 11, 38, 49, 69",16
"January 26, 2022","10, 27, 40, 43, 45",25
"January 29, 2022","2, 15, 38, 54, 65",11
"January 29, 2022","18, 35, 39, 53, 69",5
"January 31, 2022","10, 15, 51, 61, 69",14
"January 31, 2022","28, 31, 33, 38, 61",5
"February 2, 2022","18, 29, 33, 62, 63",15
"February 2, 2022","12, 39, 55, 66, 67",16
"February 5, 2022","5, 16, 27, 39, 61",24
"February 5, 2022","13, 17, 24, 44, 52",17
"February 7, 2022","5, 15, 38, 47, 65",10
"February 7, 2022","9, 20, 27, 47, 55",14
"February 9, 2022","2, 17, 33, 51, 63",26
"February 9, 2022","21, 36, 42, 47, 68",3
"February 12, 2022","8, 10, 21, 41, 62",7
"February 12, 2022","4, 6, 15, 53, 61",23
"February 14, 2022","16, 25, 27, 49, 55",17
"February 14, 2022","1, 5, 35, 37, 49",11
"February 16, 2022","22, 30, 40, 42, 48",16
"February 16, 2022","18, 25, 28, 30, 38",10
"February 19, 2022","3, 10, 15, 33, 42",11
"February 19, 2022","21, 22, 30, 41, 67",3
"February 21, 2022","2, 36, 37, 45, 69",3
"February 21, 2022","22, 23, 29, 39, 43",18
"February 23, 2022","6, 17, 21, 35, 64",18
"February 23, 2022","7, 11, 19, 34, 59",14
"February 26, 2022","15, 32, 36, 48, 64",19
"February 26, 2022","22, 25, 58, 62, 64",18
"February 28, 2022","7, 21, 39, 47, 55",19
"February 28, 2022","11, 16, 28, 44, 51",16
"March 2, 2022","19, 37, 48, 61, 63",12
"March 2, 2022","1, 7, 10, 32, 56",13
"March 5, 2022","8, 23, 37, 52, 63",13
"March 5, 2022","2, 25, 32, 33, 50",12
"March 7, 2022","10, 43, 55, 59, 67",2
"March 7, 2022","17, 24, 26, 41, 43",26
"March 9, 2022","13, 22, 34, 51, 67",10
"March 9, 2022","8, 9, 43, 45, 63",4
"March 12, 2022","19, 20, 37, 39, 61",8
"March 12, 2022","4, 16, 40, 49, 50",15
"March 14, 2022","21, 28, 32, 44, 49",6
"March 14, 2022","7, 8, 11, 19, 40",6
"March 16, 2022","3, 28, 34, 35, 58",17
"March 16, 2022","15, 22, 48, 50, 67",16
"March 19, 2022","8, 9, 18, 48, 52",6
"March 19, 2022","27, 31, 53, 57, 68",3
"March 21, 2022","1, 15, 26, 63, 65",16
"March 21, 2022","14, 17, 25, 51, 57",24
"March 23, 2022","31, 32, 37, 38, 48",24
"March 23, 2022","15, 18, 24, 26, 62",1
"March 26, 2022","2, 10, 50, 59, 61",6
"March 26, 2022","18, 39, 40, 55, 60",25
"March 28, 2022","11, 18, 39, 58, 62",3
"March 28, 2022","23, 32, 36, 51, 59",9
"March 30, 2022","3, 7, 21, 31, 37",11
"March 30, 2022","1, 24, 44, 48, 52",22
"April 2, 2022","6, 28, 47, 58, 59",18
"April 2, 2022","6, 7, 41, 57, 61",14
"April 4, 2022","2, 32, 39, 46, 69",6
"April 4, 2022","6, 49, 55, 58, 59",15
"April 6, 2022","6, 42, 45, 47, 64",18
"April 6, 2022","4, 29, 56, 57, 58",2
"April 9, 2022","6, 16, 31, 62, 66",18
"April 9, 2022","3, 5, 35, 48, 67",5
"April 11, 2022","5, 7, 24, 31, 34",4
"April 11, 2022","18, 20, 24, 29, 47",12
"April 13, 2022","14, 16, 41, 63, 68",26
"April 13, 2022","17, 51, 54, 55, 58",19
"April 16, 2022","15, 21, 32, 62, 65",26
"April 16, 2022","33, 40, 47, 55, 64",5
"April 18, 2022","8, 33, 55, 59, 62",18
"April 18, 2022","12, 17, 29, 65, 66",7
"April 20, 2022","20, 30, 45, 55, 56",14
"April 20, 2022","4, 15, 16, 21, 52",20
"April 23, 2022","10, 39, 47, 49, 56",8
"April 23, 2022","2, 30, 39, 54, 63",17
"April 25, 2022","12, 18, 20, 39, 61",10
"April 25, 2022","14, 23, 29, 38, 43",20
"April 27, 2022","11, 36, 61, 62, 68",4
"April 27, 2022","1, 12, 35, 38, 50",10
"April 30, 2022","14, 21, 37, 44, 63",1
"April 30, 2022","11, 30, 48, 56, 69",20
"May 2, 2022","18, 27, 33, 39, 44",8
"May 2, 2022","6, 23, 29, 37, 65",12
"May 4, 2022","37, 39, 55, 63, 69",23
"May 4, 2022","6, 31, 39, 44, 46",26
"May 7, 2022","4, 5, 6, 28, 67",10
"May 7, 2022","14, 22, 38, 56, 60",17
"May 9, 2022","18, 30, 35, 52, 56",5
"May 9, 2022","3, 42, 45, 57, 67",2
"May 11, 2022","5, 7, 61, 63, 69",18
"May 11, 2022","2, 24, 34, 42, 54",11
"May 14, 2022","6, 40, 41, 45, 52",9
"May 14, 2022","23, 36, 41, 42, 65",14
"May 16, 2022","7, 15, 22, 36, 64",13
"May 16, 2022","7, 12, 34, 35, 67",26
"May 18, 2022","40, 41, 58, 64, 65",17
"May 18, 2022","9, 27, 41, 59, 64",21
"May 21, 2022","14, 15, 25, 52, 58",11
"May 21, 2022","16, 20, 35, 54, 69",15
"May 23, 2022","1, 33, 37, 39, 42",26
"May 23, 2022","33, 45, 60, 62, 65",2
"May 25, 2022","19, 28, 39, 42, 57",17
"May 25, 2022","3, 16, 20, 33, 45",11
"May 28, 2022","2, 39, 50, 61, 66",15
"May 28, 2022","11, 34, 52, 61, 69",24
"May 30, 2022","27, 28, 51, 68, 69",22
"May 30, 2022","11, 13, 22, 44, 51",15
"June 1, 2022","11, 41, 56, 57, 63",2
"June 1, 2022","9, 20, 22, 39, 47",10
"June 4, 2022","14, 16, 36, 52, 60",16
"June 4, 2022","11, 39, 41, 55, 61",10
"June 6, 2022","2, 10, 35, 44, 46",4
"June 6, 2022","1, 10, 36, 53, 61",21
"June 8, 2022","22, 39, 43, 62, 64",7
"June 8, 2022","23, 49, 51, 58, 65",12
"June 11, 2022","18, 20, 26, 53, 69",5
"June 11, 2022","1, 32, 46, 56, 65",23
"June 13, 2022","2, 27, 42, 44, 51",25
"June 13, 2022","8, 20, 35, 48, 67",15
"June 15, 2022","19, 28, 41, 42, 51",7
"June 15, 2022","3, 44, 47, 48, 67",11
"June 18, 2022","10, 19, 40, 45, 58",25
"June 18, 2022","7, 18, 23, 30, 53",3
"June 20, 2022","3, 44, 61, 63, 69",13
"June 20, 2022","4, 26, 27, 43, 56",18
"June 22, 2022","6, 10, 31, 48, 56",12
"June 22, 2022","7, 31, 39, 51, 53",21
"June 25, 2022","6, 12, 20, 27, 32",4
"June 25, 2022","16, 46, 58, 63, 69",18
"June 27, 2022","11, 13, 18, 30, 37",16
"June 27, 2022","34, 47, 53, 57, 68",2
"June 29, 2022","8, 40, 49, 58, 63",14
"June 29, 2022","11, 26, 28, 34, 60",5
"July 2, 2022","9, 10, 37, 59, 62",26
"July 2, 2022","4, 7, 22, 57, 59",24
"July 4, 2022","15, 16, 24, 31, 56",4
"July 4, 2022","9, 41, 55, 57, 60",5
"July 6, 2022","32, 36, 49, 62, 69",13
"July 6, 2022","2, 5, 20, 26, 31",13
"July 9, 2022","14, 22, 42, 46, 52",24
"July 9, 2022","14, 23, 24, 57, 65",18
"July 11, 2022","4, 26, 34, 37, 52",9
"July 11, 2022","16, 25, 38, 62, 67",5
"July 13, 2022","22, 23, 36, 47, 63",2
"July 13, 2022","14, 17, 21, 32, 37",8
"July 16, 2022","3, 18, 23, 32, 57",21
"July 16, 2022","2, 19, 32, 36, 56",5
"July 18, 2022","14, 34, 36, 50, 58",5
"July 18, 2022","9, 29, 39, 43, 56",19
"July 20, 2022","10, 20, 23, 49, 65",22
"July 20, 2022","4, 14, 26, 30, 52",18
"July 23, 2022","39, 41, 54, 59, 62",12
"July 23, 2022","20, 29, 34, 50, 63",20
"July 25, 2022","25, 37, 38, 39, 65",5
"July 25, 2022","34, 41, 43, 66, 68",8
"July 27, 2022","1, 25, 44, 55, 57",26
"July 27, 2022","2, 10, 11, 63, 68",1
"July 30, 2022","4, 17, 57, 58, 68",12
"July 30, 2022","16, 19, 23, 32, 40",15
"August 1, 2022","15, 21, 31, 36, 65",16
"August 1, 2022","11, 26, 27, 55, 57",2
"August 3, 2022","9, 21, 56, 57, 66",11
"August 3, 2022","24, 28, 29, 31, 48",12
"August 6, 2022","8, 15, 46, 56, 68",3
"August 6, 2022","9, 19, 30, 40, 48",16
"August 8, 2022","32, 45, 51, 57, 58",12
"August 8, 2022","11, 42, 46, 48, 57",9
"August 10, 2022","29, 44, 59, 61, 68",19
"August 10, 2022","11, 24, 30, 53, 69",7
"August 13, 2022","19, 24, 35, 43, 62",2
"August 13, 2022","10, 29, 37, 43, 65",19
"August 15, 2022","20, 24, 47, 50, 63",5
"August 15, 2022","16, 37, 53, 56, 63",22
"August 17, 2022","23, 28, 41, 50, 55",24
"August 17, 2022","15, 16, 36, 53, 61",14
"August 20, 2022","5, 9, 11, 16, 66",7
"August 20, 2022","14, 19, 36, 39, 65",25
"August 22, 2022","12, 27, 34, 55, 67",9
"August 22, 2022","42, 50, 59, 61, 64",21
"August 24, 2022","6, 24, 35, 37, 44",22
"August 24, 2022","14, 30, 38, 52, 62",24
"August 27, 2022","2, 18, 56, 60, 65",14
"August 27, 2022","16, 18, 43, 49, 51",6
"August 29, 2022","13, 36, 43, 61, 69",18
"August 29, 2022","25, 27, 51, 52, 58",1
"August 31, 2022","7, 8, 19, 24, 28",1
"August 31, 2022","7, 15, 21, 41, 56",16
"September 3, 2022","18, 27, 49, 65, 69",9
"September 3, 2022","4, 9, 15, 33, 46",21
"September 5, 2022","4, 7, 32, 55, 64",25
"September 5, 2022","10, 31, 48, 50, 68",7
"September 7, 2022","3, 16, 30, 33, 36",20
"September 7, 2022","4, 26, 28, 29, 42",10
"September 10, 2022","38, 42, 56, 68, 69",4
"September 10, 2022","25, 30, 34, 55, 56",26
"September 12, 2022","6, 14, 16, 34, 66",25
"September 12, 2022","1, 16, 19, 48, 60",11
"September 14, 2022","9, 10, 20, 22, 52",25
"September 14, 2022","15, 16, 17, 23, 29",5
"September 17, 2022","5, 25, 36, 51, 61",1
"September 17, 2022","9, 23, 37, 41, 55",1
"September 19, 2022","7, 15, 36, 46, 67",7
"September 19, 2022","7, 11, 23, 27, 38",4
"September 21, 2022","6, 33, 34, 45, 54",7
"September 21, 2022","18, 28, 39, 47, 49",16
"September 24, 2022","3, 9, 21, 24, 29",14
"September 24, 2022","15, 30, 38, 46, 66",25
"September 26, 2022","13, 20, 31, 33, 59",20
"September 26, 2022","7, 15, 39, 54, 59",11
"September 28, 2022","6, 10, 24, 33, 67",11
"September 28, 2022","14, 24, 34, 56, 60",8
"October 1, 2022","8, 21, 22, 65, 69",26
"October 1, 2022","1, 24, 43, 53, 63",18
"October 3, 2022","2, 16, 22, 55, 63",22
"October 3, 2022","4, 5, 50, 66, 67",15
"October 5, 2022","26, 30, 33, 37, 62",6
"October 5, 2022","17, 23, 24, 36, 61",16
"October 8, 2022","13, 43, 53, 60, 68",5
"October 8, 2022","3, 33, 46, 63, 68",17
"October 10, 2022","3, 6, 11, 17, 22",11
"October 10, 2022","4, 24, 35, 52, 62",10
"October 12, 2022","14, 30, 41, 42, 59",6
"October 12, 2022","4, 22, 36, 39, 64",14
"October 15, 2022","32, 37, 40, 58, 62",15
"October 15, 2022","6, 19, 32, 48, 50",1
"October 17, 2022","19, 30, 36, 46, 60",25
"October 17, 2022","29, 35, 36, 40, 52",18
"October 19, 2022","6, 8, 15, 27, 42",10
"October 19, 2022","4, 24, 32, 55, 59",13
"October 22, 2022","19, 25, 48, 55, 60",18
"October 22, 2022","9, 21, 30, 49, 51",3
"October 24, 2022","18, 23, 35, 45, 54",16
"October 24, 2022","12, 48, 51, 63, 67",26
"October 26, 2022","19, 36, 37, 46, 56",24
"October 26, 2022","5, 36, 38, 39, 54",19
"October 29, 2022","19, 31, 40, 46, 57",23
"October 29, 2022","9, 13, 31, 35, 37",1
"October 31, 2022","13, 19, 36, 39, 59",13
"October 31, 2022","9, 14, 52, 57, 62",24
"November 2, 2022","2, 11, 22, 35, 60",23
"November 2, 2022","20, 34, 37, 57, 67",26
"November 5, 2022","28, 45, 53, 56, 69",20
"November 5, 2022","4, 23, 27, 31, 56",15
"November 7, 2022","10, 33, 41, 47, 56",10
"November 7, 2022","1, 21, 27, 29, 40",18
"November 9, 2022","7, 14, 24, 30, 56",7
"November 9, 2022","4, 15, 31, 52, 62",16
"November 12, 2022","16, 20, 44, 57, 58",6
"November 12, 2022","8, 18, 29, 44, 68",3
"November 14, 2022","19, 35, 53, 54, 67",21
"November 14, 2022","1, 24, 32, 63, 69",13
"November 16, 2022","28, 34, 51, 53, 56",11
"November 16, 2022","5, 26, 41, 59, 66",11
"November 19, 2022","7, 28, 62, 63, 64",10
"November 19, 2022","19, 35, 40, 62, 68",23
"November 21, 2022","1, 6, 40, 51, 67",2
"November 21, 2022","8, 23, 41, 49, 63",15
"November 23, 2022","1, 2, 31, 39, 66",25
"November 23, 2022","17, 20, 54, 60, 69",22
"November 26, 2022","15, 30, 47, 50, 51",3
"November 26, 2022","1, 35, 39, 41, 54",17
"November 28, 2022","29, 30, 32, 48, 50",20
"November 28, 2022","1, 5, 19, 47, 55",3
"November 30, 2022","4, 19, 24, 47, 66",10
"November 30, 2022","16, 34, 41, 47, 55",23
"December 3, 2022","6, 13, 33, 36, 37",7
"December 3, 2022","4, 10, 23, 43, 64",3
"December 5, 2022","35, 45, 47, 54, 55",14
"December 5, 2022","15, 50, 51, 53, 68",21
"December 7, 2022","6, 28, 44, 59, 61",21
"December 7, 2022","16, 25, 26, 37, 48",16
"December 10, 2022","9, 23, 47, 49, 68",19
"December 10, 2022","1, 34, 37, 40, 53",2
"December 12, 2022","16, 31, 50, 55, 61",9
"December 12, 2022","28, 39, 43, 63, 67",26
"December 14, 2022","36, 51, 59, 66, 68",25
"December 14, 2022","3, 12, 24, 40, 57",19
"December 17, 2022","33, 56, 64, 66, 68",12
"December 17, 2022","6, 9, 10, 19, 28",23
"December 19, 2022","7, 37, 55, 65, 67",12
"December 19, 2022","18, 32, 40, 65, 67",6
"December 21, 2022","12, 15, 24, 34, 59",14
"December 21, 2022","10, 16, 25, 39, 52",23
"December 24, 2022","17, 37, 46, 54, 67",8
"December 24, 2022","5, 32, 34, 38, 48",12
"December 26, 2022","17, 41, 47, 60, 61",17
"December 26, 2022","1, 30, 52, 54, 63",26
"December 28, 2022","26, 32, 38, 45, 56",1
"December 28, 2022","4, 10, 14, 41, 56",16
"December 31, 2022","18, 37, 44, 50, 64",11
"December 31, 2022","1, 25, 29, 54, 56",9
"January 2, 2023","7, 9, 12, 31, 62",22
"January 2, 2023","11, 12, 15, 33, 39",24
"January 4, 2023","12, 32, 56, 67, 68",26
"January 4, 2023","22, 25, 32, 41, 46",23
"January 7, 2023","35, 36, 44, 45, 67",14
"January 7, 2023","10, 17, 23, 29, 49",20
"January 9, 2023","18, 43, 48, 60, 69",14
"January 9, 2023","19, 41, 47, 53, 54",25
"January 11, 2023","4, 8, 46, 47, 48",5
"January 11, 2023","1, 3, 11, 44, 62",6
"January 14, 2023","24, 26, 39, 47, 57",23
"January 14, 2023","17, 19, 31, 33, 64",13
"January 16, 2023","4, 14, 33, 39, 61",3
"January 16, 2023","37, 40, 46, 54, 59",15
"January 18, 2023","6, 15, 22, 42, 47",26
"January 18, 2023","4, 11, 14, 54, 69",16
"January 21, 2023","5, 14, 19, 46, 64",22
"January 21, 2023","1, 8, 32, 37, 64",16
"January 23, 2023","12, 31, 47, 58, 60",23
"January 23, 2023","6, 15, 31, 45, 58",5
"January 25, 2023","9, 17, 20, 38, 40",18
"January 25, 2023","15, 32, 35, 42, 47",23
"January 28, 2023","2, 18, 23, 27, 47",15
"January 28, 2023","47, 51, 53, 62, 63",16
"January 30, 2023","1, 4, 12, 36, 49",5
"January 30, 2023","3, 25, 28, 42, 61",17
"February 1, 2023","31, 43, 58, 59, 66",9
"February 1, 2023","4, 23, 39, 57, 63",26
"February 4, 2023","2, 8, 15, 19, 58",10
"February 4, 2023","6, 38, 57, 58, 63",8
"February 6, 2023","5, 11, 22, 23, 69",7
"February 6, 2023","14, 19, 58, 59, 68",16
"February 8, 2023","52, 58, 59, 64, 66",9
"February 8, 2023","40, 41, 57, 64, 65",21
"February 11, 2023","10, 23, 30, 54, 65",11
"February 11, 2023","45, 48, 54, 60, 63",2
"February 13, 2023","17, 26, 37, 61, 65",2
"February 13, 2023","12, 17, 26, 61, 69",22
"February 15, 2023","31, 32, 54, 60, 63",12
"February 15, 2023","25, 30, 44, 52, 66",22
"February 18, 2023","8, 21, 31, 32, 37",23
"February 18, 2023","4, 36, 39, 44, 46",20
"February 20, 2023","3, 17, 26, 38, 54",15
"February 20, 2023","2, 13, 26, 51, 55",23
"February 22, 2023","11, 19, 39, 44, 65",7
"February 22, 2023","2, 38, 53, 62, 63",2
"February 25, 2023","11, 24, 58, 66, 67",26
"February 25, 2023","4, 6, 39, 60, 66",2
"February 27, 2023","16, 28, 49, 51, 55",23
"February 27, 2023","8, 27, 33, 34, 44",5
"March 1, 2023","2, 9, 28, 36, 53",4
"March 1, 2023","7, 12, 16, 17, 39",22
"March 4, 2023","10, 16, 18, 40, 66",16
"March 4, 2023","17, 18, 24, 36, 56",25
"March 6, 2023","2, 13, 29, 58, 69",4
"March 6, 2023","10, 19, 26, 47, 55",21
"March 8, 2023","26, 27, 43, 61, 69",4
"March 8, 2023","13, 20, 29, 41, 45",19
"March 11, 2023","11, 20, 33, 43, 58",24
"March 11, 2023","7, 16, 22, 36, 58",5
"March 13, 2023","3, 10, 24, 46, 63",4
"March 13, 2023","5, 25, 32, 38, 62",6
"March 15, 2023","16, 18, 33, 37, 50",8
"March 15, 2023","7, 9, 46, 64, 68",3
"March 18, 2023","14, 20, 30, 54, 69",11
"March 18, 2023","21, 30, 34, 57, 59",8
"March 20, 2023","1, 27, 32, 47, 67",14
"March 20, 2023","2, 18, 31, 59, 60",19
"March 22, 2023","27, 28, 37, 50, 57",5
"March 22, 2023","3, 32, 58, 59, 61",15
"March 25, 2023","15, 17, 18, 47, 57",19
"March 25, 2023","18, 30, 35, 42, 52",1
"March 27, 2023","19, 26, 36, 43, 58",14
"March 27, 2023","7, 11, 46, 49, 60",1
"March 29, 2023","4, 9, 24, 46, 66",7
"March 29, 2023","1, 20, 39, 47, 49",23
"April 1, 2023","11, 19, 21, 29, 52",17
"April 1, 2023","3, 14, 34, 56, 57",2
"April 3, 2023","16, 30, 31, 54, 68",1
"April 3, 2023","5, 10, 16, 30, 40",20
"April 5, 2023","3, 5, 9, 42, 52",11
"April 5, 2023","12, 30, 46, 52, 59",1
"April 8, 2023","11, 22, 24, 51, 60",18
"April 8, 2023","15, 26, 44, 49, 51",22
"April 10, 2023","9, 10, 36, 46, 52",14
"April 10, 2023","6, 14, 20, 24, 63",2
"April 12, 2023","9, 36, 41, 44, 59",4
"April 12, 2023","16, 19, 32, 33, 41",19
"April 15, 2023","1, 33, 34, 56, 59",18
"April 15, 2023","4, 6, 15, 19, 28",15
"April 17, 2023","23, 25, 35, 63, 64",25
"April 17, 2023","5, 34, 35, 58, 67",21
"April 19, 2023","4, 11, 21, 38, 64",11
"April 19, 2023","9, 17, 22, 24, 31",5
"April 22, 2023","17, 36, 47, 63, 68",25
"April 22, 2023","9, 10, 50, 62, 63",14
"April 24, 2023","19, 21, 55, 66, 68",3
"April 24, 2023","9, 18, 24, 30, 58",15
"April 26, 2023","2, 15, 30, 35, 49",6
"April 26, 2023","18, 26, 31, 49, 51",18
"April 29, 2023","16, 53, 54, 57, 65",8
"April 29, 2023","3, 13, 36, 50, 61",16
"May 1, 2023","3, 38, 55, 61, 66",1
"May 1, 2023","14, 20, 29, 33, 57",2
"May 3, 2023","21, 26, 30, 45, 47",23
"May 3, 2023","11, 35, 57, 60, 64",22
"May 6, 2023","31, 39, 47, 51, 53",6
"May 6, 2023","1, 9, 20, 21, 55",11
"May 8, 2023","15, 20, 33, 36, 43",12
"May 8, 2023","4, 31, 50, 53, 63",24
"May 10, 2023","21, 24, 33, 55, 69",3
"May 10, 2023","21, 22, 24, 52, 58",3
"May 13, 2023","3, 15, 20, 23, 46",11
"May 13, 2023","23, 32, 52, 58, 60",3
"May 15, 2023","1, 26, 28, 55, 58",25
"May 15, 2023","13, 36, 55, 56, 68",23
"May 17, 2023","18, 34, 37, 45, 51",14
"May 17, 2023","21, 26, 37, 52, 53",26
"May 20, 2023","17, 23, 32, 38, 63",23
"May 20, 2023","19, 32, 54, 55, 68",24
"May 22, 2023","9, 38, 48, 52, 68",25
"May 22, 2023","14, 17, 38, 39, 40",14
"May 24, 2023","12, 21, 44, 50, 58",26
"May 24, 2023","7, 25, 29, 40, 45",12
"May 27, 2023","24, 38, 39, 48, 56",4
"May 27, 2023","21, 28, 31, 48, 49",18
"May 29, 2023","21, 33, 35, 62, 64",24
"May 29, 2023","5, 12, 17, 46, 65",16
"May 31, 2023","2, 4, 54, 61, 62",14
"May 31, 2023","15, 36, 61, 66, 68",23
"June 3, 2023","15, 45, 64, 67, 68",18
"June 3, 2023","8, 26, 34, 58, 69",7
"June 5, 2023","2, 31, 45, 46, 49",20
"June 5, 2023","3, 11, 14, 37, 44",2
"June 7, 2023","16, 21, 29, 53, 66",2
"June 7, 2023","29, 44, 55, 62, 66",7
"June 10, 2023","21, 32, 42, 46, 50",4
"June 10, 2023","30, 45, 55, 67, 69",23
"June 12, 2023","2, 3, 16, 23, 68",7
"June 12, 2023","9, 15, 22, 54, 64",19
"June 14, 2023","3, 20, 36, 42, 64",4
"June 14, 2023","6, 10, 14, 16, 50",1
"June 17, 2023","2, 12, 45, 61, 64",26
"June 17, 2023","8, 12, 21, 33, 51",14
"June 19, 2023","36, 39, 52, 57, 69",1
"June 19, 2023","14, 15, 39, 57, 69",7
"June 21, 2023","5, 11, 33, 35, 63",14
"June 21, 2023","15, 18, 23, 45, 48",10
"June 24, 2023","2, 38, 44, 50, 62",19
"June 24, 2023","12, 17, 50, 53, 64",20
"June 26, 2023","6, 28, 39, 43, 54",12
"June 26, 2023","14, 20, 23, 31, 54",19
"June 28, 2023","19, 25, 34, 57, 68",4
"June 28, 2023","27, 33, 48, 64, 69",23
"July 1, 2023","4, 17, 35, 49, 61",8
"July 1, 2023","13, 24, 49, 54, 60",17
"July 3, 2023","15, 26, 31, 38, 61",3
"July 3, 2023","15, 37, 50, 55, 69",9
"July 5, 2023","17, 24, 48, 62, 68",23
"July 5, 2023","10, 19, 47, 50, 53",26
"July 8, 2023","7, 23, 24, 32, 43",18
"July 8, 2023","12, 23, 30, 42, 62",21
"July 10, 2023","2, 24, 34, 53, 58",13
"July 10, 2023","21, 30, 37, 41, 56",14
"July 12, 2023","23, 35, 45, 66, 67",20
"July 12, 2023","42, 49, 54, 62, 63",21
"July 15, 2023","2, 9, 43, 55, 57",18
"July 15, 2023","12, 21, 23, 37, 52",19
"July 17, 2023","5, 8, 9, 17, 41",21
"July 17, 2023","9, 37, 38, 62, 69",23
"July 19, 2023","7, 10, 11, 13, 24",24
"July 19, 2023","13, 15, 28, 43, 57",25
"July 22, 2023","25, 27, 36, 37, 63",7
"July 22, 2023","31, 37, 39, 54, 65",14
"July 24, 2023","3, 4, 12, 28, 49",25
"July 24, 2023","3, 6, 32, 58, 68",25
"July 26, 2023","3, 16, 40, 48, 60",14
"July 26, 2023","31, 43, 51, 60, 69",13
"July 29, 2023","10, 25, 27, 34, 38",2
"July 29, 2023","10, 23, 27, 62, 65",15
"July 31, 2023","2, 11, 48, 58, 65",13
"July 31, 2023","15, 32, 33, 34, 35",4
"August 2, 2023","23, 24, 33, 51, 64",5
"August 2, 2023","5, 23, 30, 62, 63",9
"August 5, 2023","18, 42, 44, 62, 65",23
"August 5, 2023","14, 25, 37, 57, 67",16
"August 7, 2023","6, 13, 20, 35, 54",22
"August 7, 2023","26, 29, 37, 49, 63",22
"August 9, 2023","10, 15, 21, 67, 69",3
"August 9, 2023","1, 42, 51, 61, 63",17
"August 12, 2023","19, 21, 37, 50, 65",26
"August 12, 2023","10, 26, 27, 48, 52",12
"August 14, 2023","32, 34, 37, 39, 47",3
"August 14, 2023","2, 23, 42, 61, 68",26
"August 16, 2023","9, 11, 17, 19, 55",1
"August 16, 2023","15, 22, 44, 49, 63",26
"August 19, 2023","1, 25, 27, 38, 62",13
"August 19, 2023","19, 26, 39, 65, 68",12
"August 21, 2023","3, 4, 12, 22, 28",16
"August 21, 2023","1, 13, 19, 49, 66",7
"August 23, 2023","25, 30, 32, 33, 55",20
"August 23, 2023","18, 25, 38, 56, 61",19
"August 26, 2023","20, 22, 26, 28, 63",5
"August 26, 2023","1, 19, 54, 63, 64",15
"August 28, 2023","4, 6, 25, 55, 68",26
"August 28, 2023","23, 24, 48, 61, 64",4
"August 30, 2023","4, 13, 35, 61, 69",4
"August 30, 2023","2, 10, 45, 46, 59",2
"September 2, 2023","25, 38, 42, 66, 67",19
"September 2, 2023","3, 7, 14, 26, 52",21
"September 4, 2023","1, 26, 32, 46, 51",13
"September 4, 2023","1, 29, 45, 47, 51",7
"September 6, 2023","9, 14, 20, 23, 63",1
"September 6, 2023","1, 12, 30, 50, 55",10
"September 9, 2023","11, 19, 29, 63, 68",25
"September 9, 2023","33, 38, 42, 64, 65",20
"September 11, 2023","9, 25, 27, 53, 66",5
"September 11, 2023","18, 22, 25, 30, 35",22
"September 13, 2023","22, 30, 37, 44, 45",18
"September 13, 2023","3, 12, 28, 58, 62",24
"September 16, 2023","8, 11, 19, 24, 46",5
"September 16, 2023","10, 27, 30, 43, 47",6
"September 18, 2023","2, 21, 26, 40, 42",9
"September 18, 2023","3, 7, 41, 48, 67",14
"September 20, 2023","16, 27, 59, 62, 63",23
"September 20, 2023","6, 20, 29, 46, 68",8
"September 23, 2023","1, 12, 20, 33, 66",21
"September 23, 2023","14, 16, 26, 41, 57",24
"September 25, 2023","10, 12, 22, 36, 50",4
"September 25, 2023","5, 16, 18, 38, 40",19
"September 27, 2023","1, 7, 46, 47, 63",7
"September 27, 2023","10, 25, 51, 52, 63",1
"September 30, 2023","19, 30, 37, 44, 46",22
"September 30, 2023","2, 22, 46, 56, 67",25
"October 2, 2023","12, 26, 27, 43, 47",5
"October 2, 2023","11, 26, 35, 40, 43",24
"October 4, 2023","9, 35, 54, 63, 64",1
"October 4, 2023","12, 30, 39, 64, 67",22
"October 7, 2023","47, 54, 57, 60, 65",19
"October 7, 2023","13, 31, 51, 55, 66",23
"October 9, 2023","16, 34, 46, 55, 67",14
"October 9, 2023","1, 20, 33, 49, 59",10
"October 11, 2023","22, 24, 40, 52, 64",10
"October 11, 2023","3, 40, 51, 59, 66",2
"October 14, 2023","14, 16, 42, 48, 64",14
"October 14, 2023","13, 21, 33, 46, 50",23
"October 16, 2023","2, 27, 31, 44, 64",18
"October 16, 2023","1, 2, 15, 17, 34",1
"October 18, 2023","1, 4, 13, 35, 58",24
"October 18, 2023","26, 59, 62, 64, 65",15
"October 21, 2023","6, 15, 24, 67, 68",11
"October 21, 2023","7, 18, 27, 33, 61",5
"October 23, 2023","18, 21, 25, 46, 64",21
"October 23, 2023","25, 44, 45, 50, 58",13
"October 25, 2023","25, 27, 41, 53, 68",2
"October 25, 2023","18, 19, 38, 54, 55",17
"October 28, 2023","14, 24, 50, 59, 64",2
"October 28, 2023","34, 48, 50, 52, 66",11
"October 30, 2023","19, 22, 34, 66, 69",5
"October 30, 2023","1, 4, 8, 11, 66",10
"November 1, 2023","22, 26, 39, 47, 63",12
"November 1, 2023","9, 26, 49, 58, 61",21
"November 4, 2023","1, 28, 30, 34, 52",6
"November 4, 2023","5, 15, 22, 47, 66",26
"November 6, 2023","12, 25, 40, 59, 61",26
"November 6, 2023","22, 23, 25, 41, 56",24
"November 8, 2023","14, 21, 33, 39, 62",20
"November 8, 2023","5, 20, 22, 27, 63",18
"November 11, 2023","1, 12, 14, 24, 57",7
"November 11, 2023","5, 17, 19, 41, 49",5
"November 13, 2023","24, 33, 35, 37, 42",21
"November 13, 2023","13, 14, 20, 67, 69",14
"November 15, 2023","3, 4, 51, 53, 60",6
"November 15, 2023","14, 15, 30, 58, 59",17
"November 18, 2023","34, 50, 51, 61, 67",20
"November 18, 2023","27, 32, 40, 45, 47",8
"November 20, 2023","19, 26, 30, 39, 63",13
"November 20, 2023","15, 21, 39, 45, 52",12
"November 22, 2023","20, 24, 33, 39, 42",21
"November 22, 2023","20, 21, 30, 55, 56",14
"November 25, 2023","27, 33, 63, 66, 68",9
"November 25, 2023","1, 27, 30, 49, 62",20
"November 27, 2023","2, 21, 38, 61, 66",12
"November 27, 2023","9, 29, 51, 53, 61",20
"November 29, 2023","6, 47, 50, 61, 68",4
"November 29, 2023","9, 13, 16, 30, 36",23
"December 2, 2023","28, 35, 41, 47, 60",3
"December 2, 2023","6, 32, 37, 42, 67",25
"December 4, 2023","18, 19, 27, 28, 45",9
"December 4, 2023","21, 51, 52, 59, 63",7
"December 6, 2023","2, 12, 37, 56, 65",21
"December 6, 2023","3, 23, 27, 67, 68",9
"December 9, 2023","5, 25, 26, 40, 60",1
"December 9, 2023","8, 14, 23, 29, 37",18
"December 11, 2023","1, 24, 27, 31, 62",20
"December 11, 2023","10, 12, 27, 40, 65",4
"December 13, 2023","3, 8, 41, 56, 64",18
"December 13, 2023","32, 53, 57, 60, 63",14
"December 16, 2023","3, 9, 10, 20, 62",25
"December 16, 2023","9, 39, 41, 46, 65",3
"December 18, 2023","5, 8, 19, 34, 39",26
"December 18, 2023","2, 8, 11, 25, 51",9
"December 20, 2023","27, 35, 41, 56, 60",16
"December 20, 2023","22, 25, 28, 30, 53",3
"December 23, 2023","9, 14, 17, 18, 53",6
"December 23, 2023","20, 37, 39, 40, 43",1
"December 25, 2023","5, 12, 20, 24, 29",4
"December 25, 2023","2, 3, 19, 31, 42",9
"December 27, 2023","4, 11, 38, 51, 68",5
"December 27, 2023","14, 29, 39, 66, 67",2
"December 30, 2023","10, 11, 26, 27, 34",7
"December 30, 2023","1, 4, 5, 6, 42",8
"January 1, 2024","12, 21, 42, 44, 49",1
"January 1, 2024","19, 31, 40, 42, 64",2
"January 3, 2024","30, 31, 38, 48, 68",8
"January 3, 2024","8, 9, 17, 31, 56",23
"January 6, 2024","4, 31, 34, 38, 61",13
"January 6, 2024","9, 14, 26, 27, 32",22
"January 8, 2024","7, 17, 28, 40, 45",2
"January 8, 2024","3, 38, 55, 57, 62",17
"January 10, 2024","25, 40, 43, 48, 50",11
"January 10, 2024","2, 7, 27, 34, 51",19
"January 13, 2024","13, 31, 33, 51, 58",15
"January 13, 2024","30, 41, 44, 55, 58",17
"January 15, 2024","13, 30, 35, 49, 59",4
"January 15, 2024","6, 16, 23, 60, 62",17
"January 17, 2024","18, 22, 43, 61, 65",2
"January 17, 2024","14, 38, 51, 53, 55",25
"January 20, 2024","16, 31, 34, 47, 65",10
"January 20, 2024","13, 26, 30, 40, 50",13
"January 22, 2024","24, 25, 43, 52, 63",21
"January 22, 2024","17, 31, 34, 54, 63",13
"January 24, 2024","1, 5, 32, 50, 64",8
"January 24, 2024","7, 28, 46, 47, 58",18
"January 27, 2024","7, 38, 65, 66, 68",21
"January 27, 2024","4, 28, 34, 50, 61",16
"January 29, 2024","39, 41, 43, 49, 64",4
"January 29, 2024","31, 44, 45, 63, 64",16
"January 31, 2024","15, 18, 19, 41, 43",14
"January 31, 2024","13, 15, 18, 21, 58",25
"February 3, 2024","9, 11, 27, 59, 66",19
"February 3, 2024","23, 26, 30, 35, 39",13
"February 5, 2024","1, 2, 27, 30, 67",9
"February 5, 2024","1, 7, 35, 52, 54",20
"February 7, 2024","12, 21, 62, 67, 69",17
"February 7, 2024","8, 17, 36, 56, 62",23
"February 10, 2024","27, 28, 34, 37, 44",8
"February 10, 2024","12, 15, 32, 50, 64",15
"February 12, 2024","17, 36, 43, 53, 67",14
"February 12, 2024","29, 49, 51, 61, 66",2
"February 14, 2024","1, 4, 45, 47, 67",18
"February 14, 2024","33, 40, 45, 48, 53",17
"February 17, 2024","6, 28, 59, 62, 69",21
"February 17, 2024","14, 47, 49, 61, 66",18
"February 19, 2024","4, 23, 45, 50, 53",17
"February 19, 2024","9, 18, 30, 47, 63",14
"February 21, 2024","4, 27, 33, 41, 42",14
"February 21, 2024","23, 49, 51, 54, 58",11
"February 24, 2024","3, 8, 40, 53, 58",3
"February 24, 2024","5, 6, 16, 34, 35",17
"February 26, 2024","24, 29, 42, 51, 54",16
"February 26, 2024","1, 3, 8, 30, 41",8
"February 28, 2024","16, 26, 29, 38, 50",6
"February 28, 2024","14, 38, 41, 47, 67",7
"March 2, 2024","3, 18, 27, 36, 53",12
"March 2, 2024","18, 31, 36, 43, 61",10
"March 4, 2024","36, 42, 50, 52, 67",26
"March 4, 2024","3, 19, 29, 53, 59",4
"March 6, 2024","6, 19, 28, 44, 60",10
"March 6, 2024","30, 31, 36, 52, 58",16
"March 9, 2024","30, 36, 49, 52, 63",16
"March 9, 2024","41, 43, 49, 55, 67",20
"March 11, 2024","1, 3, 7, 16, 66",5
"March 11, 2024","15, 25, 35, 41, 62",12
"March 13, 2024","21, 29, 54, 59, 62",4
"March 13, 2024","2, 25, 64, 65, 67",5
"March 16, 2024","12, 23, 44, 57, 61",5
"March 16, 2024","9, 11, 13, 29, 69",12
"March 18, 2024","10, 17, 20, 39, 44",16
"March 18, 2024","11, 44, 55, 63, 68",17
"March 20, 2024","13, 22, 27, 54, 66",9
"March 20, 2024","7, 9, 10, 26, 43",24
"March 23, 2024","6, 23, 25, 34, 51",3
"March 23, 2024","18, 24, 43, 46, 47",11
"March 25, 2024","7, 11, 19, 53, 68",23
"March 25, 2024","2, 14, 20, 28, 64",4
"March 27, 2024","37, 46, 57, 60, 66",8
"March 27, 2024","31, 47, 52, 53, 57",23
"March 30, 2024","12, 13, 33, 50, 52",23
"March 30, 2024","20, 29, 43, 57, 63",16
"April 1, 2024","19, 24, 40, 42, 56",23
"April 1, 2024","12, 15, 28, 30, 39",12
"April 3, 2024","11, 38, 41, 62, 65",15
"April 3, 2024","10, 44, 53, 60, 63",13
"April 6, 2024","22, 27, 44, 52, 69",9
"April 6, 2024","16, 19, 56, 59, 66",14
"April 8, 2024","6, 21, 23, 39, 54",23
"April 8, 2024","7, 40, 45, 58, 61",14
"April 10, 2024","6, 7, 12, 24, 36",15
"April 10, 2024","8, 21, 24, 57, 64",2
"April 13, 2024","7, 33, 40, 43, 69",10
"April 13, 2024","39, 55, 60, 65, 69",26
"April 15, 2024","7, 16, 41, 56, 61",23
"April 15, 2024","3, 25, 52, 60, 64",17
"April 17, 2024","24, 29, 44, 47, 54",2
"April 17, 2024","7, 8, 25, 39, 68",7
"April 20, 2024","4, 35, 41, 44, 58",25
"April 20, 2024","25, 28, 36, 38, 68",23
"April 22, 2024","12, 16, 33, 39, 52",1
"April 22, 2024","11, 15, 25, 32, 39",23
"April 24, 2024","2, 20, 22, 26, 47",21
"April 24, 2024","23, 25, 45, 46, 62",25
"April 27, 2024","9, 30, 53, 55, 62",23
"April 27, 2024","12, 28, 36, 47, 65",22
"April 29, 2024","11, 38, 47, 67, 69",14
"April 29, 2024","11, 44, 50, 54, 59",13
"May 1, 2024","1, 11, 19, 21, 68",15
"May 1, 2024","6, 15, 19, 42, 45",16
"May 4, 2024","14, 20, 23, 53, 69",4
"May 4, 2024","1, 8, 27, 63, 66",26
"May 6, 2024","7, 23, 24, 56, 60",25
"May 6, 2024","10, 56, 58, 59, 67",20
"May 8, 2024","7, 41, 43, 44, 51",5
"May 8, 2024","10, 22, 43, 55, 57",2
"May 11, 2024","3, 6, 39, 49, 67",21
"May 11, 2024","21, 24, 32, 39, 55",16
"May 13, 2024","5, 14, 29, 38, 66",1
"May 13, 2024","6, 14, 21, 58, 69",16
"May 15, 2024","19, 42, 45, 55, 69",6
"May 15, 2024","8, 9, 29, 57, 65",10
"May 18, 2024","19, 36, 37, 42, 59",19
"May 18, 2024","15, 17, 28, 36, 60",9
"May 20, 2024","1, 7, 48, 64, 68",5
"May 20, 2024","5, 38, 39, 41, 69",25
"May 22, 2024","5, 16, 18, 26, 67",4
"May 22, 2024","10, 12, 19, 21, 67",25
"May 25, 2024","6, 33, 35, 36, 64",24
"May 25, 2024","23, 25, 39, 40, 47",10
"May 27, 2024","9, 30, 39, 49, 59",21
"May 27, 2024","20, 31, 39, 45, 56",19
"May 29, 2024","17, 34, 56, 60, 61",9
"May 29, 2024","23, 29, 35, 36, 39",22
"June 1, 2024","28, 38, 52, 54, 68",8
"June 1, 2024","24, 40, 53, 56, 59",5
"June 3, 2024","19, 29, 35, 36, 45",16
"June 3, 2024","25, 39, 46, 47, 51",10
"June 5, 2024","8, 44, 45, 51, 69",12
"June 5, 2024","4, 11, 20, 45, 49",21
"June 8, 2024","8, 38, 52, 54, 64",15
"June 8, 2024","11, 21, 57, 58, 68",5
"June 10, 2024","3, 10, 33, 58, 59",9
"June 10, 2024","9, 15, 27, 32, 65",10
"June 12, 2024","19, 30, 31, 61, 62",21
"June 12, 2024","12, 13, 59, 68, 69",13
"June 15, 2024","4, 36, 48, 54, 56",2
"June 15, 2024","30, 38, 44, 54, 55",22
"June 17, 2024","30, 48, 53, 58, 66",9
"June 17, 2024","30, 41, 42, 67, 68",16
"June 19, 2024","4, 27, 44, 50, 64",7
"June 19, 2024","16, 23, 35, 50, 59",21
"June 22, 2024","4, 5, 15, 32, 62",21
"June 22, 2024","6, 23, 48, 49, 54",14
"June 24, 2024","5, 6, 36, 53, 69",8
"June 24, 2024","1, 31, 33, 54, 60",26
"June 26, 2024","4, 9, 36, 47, 56",7
"June 26, 2024","4, 19, 27, 37, 56",21
"June 29, 2024","26, 51, 54, 61, 69",25
"June 29, 2024","6, 28, 49, 53, 69",8
"July 1, 2024","5, 9, 32, 39, 55",9
"July 1, 2024","12, 18, 32, 59, 61",8
"July 3, 2024","2, 26, 33, 55, 57",22
"July 3, 2024","19, 22, 38, 55, 61",23
"July 6, 2024","5, 32, 35, 39, 49",21
"July 6, 2024","22, 27, 52, 62, 69",4
"July 8, 2024","20, 22, 31, 33, 45",1
"July 8, 2024","10, 17, 19, 25, 59",8
"July 10, 2024","7, 11, 12, 27, 46",26
"July 10, 2024","16, 17, 33, 56, 66",18
"July 13, 2024","9, 55, 59, 66, 69",21
"July 13, 2024","40, 57, 59, 64, 65",15
"July 15, 2024","9, 31, 39, 40, 45",23
"July 15, 2024","3, 13, 41, 55, 61",6
"July 17, 2024","24, 27, 32, 47, 66",26
"July 17, 2024","3, 24, 49, 56, 60",17
"July 20, 2024","18, 25, 31, 40, 57",4
"July 20, 2024","10, 14, 31, 34, 67",20
"July 22, 2024","31, 36, 56, 58, 69",20
"July 22, 2024","17, 34, 44, 49, 66",9
"July 24, 2024","16, 42, 59, 63, 68",13
"July 24, 2024","4, 9, 20, 47, 51",9
"July 27, 2024","3, 31, 37, 40, 64",17
"July 27, 2024","19, 45, 57, 64, 69",7
"July 29, 2024","11, 27, 30, 33, 44",16
"July 29, 2024","20, 21, 36, 54, 63",21
"July 31, 2024","23, 34, 37, 50, 58",7
"July 31, 2024","10, 24, 41, 48, 61",9
"August 3, 2024","13, 33, 40, 60, 61",20
"August 3, 2024","13, 18, 29, 43, 56",8
"August 5, 2024","29, 42, 44, 51, 54",12
"August 5, 2024","2, 18, 31, 45, 60",8
"August 7, 2024","6, 19, 35, 47, 57",9
"August 7, 2024","16, 29, 31, 60, 65",26
"August 10, 2024","9, 24, 33, 64, 69",9
"August 10, 2024","6, 14, 53, 59, 62",12
"August 12, 2024","9, 22, 57, 67, 68",14
"August 12, 2024","5, 35, 49, 60, 62",17
"August 14, 2024","8, 9, 23, 29, 62",13
"August 14, 2024","16, 27, 34, 62, 66",22
"August 17, 2024","12, 31, 43, 45, 46",22
"August 17, 2024","9, 12, 25, 51, 56",22
"August 19, 2024","1, 2, 15, 23, 28",10
"August 19, 2024","22, 48, 50, 57, 69",1
"August 21, 2024","27, 31, 33, 38, 67",3
"August 21, 2024","2, 3, 28, 52, 69",3
"August 24, 2024","5, 15, 21, 24, 43",17
"August 24, 2024","1, 26, 32, 64, 65",16
"August 26, 2024","2, 4, 23, 68, 69",15
"August 26, 2024","19, 50, 55, 58, 66",15
"August 28, 2024","5, 33, 47, 50, 64",20
"August 28, 2024","9, 11, 31, 52, 54",25
"August 31, 2024","4, 34, 35, 38, 69",19
"August 31, 2024","19, 32, 43, 55, 58",12
"September 2, 2024","8, 42, 46, 48, 53",22
"September 2, 2024","4, 12, 13, 16, 67",7
"September 4, 2024","7, 10, 21, 33, 59",20
"September 4, 2024","4, 21, 34, 35, 41",9
"September 7, 2024","14, 34, 37, 55, 63",20
"September 7, 2024","14, 16, 20, 30, 47",22
"September 9, 2024","1, 16, 21, 47, 60",5
"September 9, 2024","10, 14, 38, 42, 45",26
"September 11, 2024","10, 12, 55, 65, 67",3
"September 11, 2024","6, 9, 15, 17, 20",3
"September 14, 2024","29, 34, 38, 48, 56",16
"September 14, 2024","1, 26, 38, 52, 55",16
"September 16, 2024","8, 9, 11, 27, 31",17
"September 16, 2024","13, 25, 38, 40, 63",23
"September 18, 2024","1, 11, 22, 47, 68",7
"September 18, 2024","16, 23, 50, 53, 66",14
"September 21, 2024","17, 19, 21, 37, 45",14
"September 21, 2024","4, 17, 37, 46, 49",19
"September 23, 2024","15, 21, 25, 37, 45",19
"September 23, 2024","23, 39, 57, 61, 67",10
"September 25, 2024","2, 26, 45, 46, 52",21
"September 25, 2024","6, 32, 51, 62, 69",26
"September 28, 2024","3, 11, 13, 24, 39",22
"September 28, 2024","6, 7, 17, 20, 57",10
"September 30, 2024","9, 11, 30, 43, 69",20
"September 30, 2024","17, 32, 39, 43, 53",2
"October 2, 2024","1, 2, 21, 37, 43",21
"October 2, 2024","39, 44, 45, 46, 66",13
"October 5, 2024","2, 12, 46, 52, 65",3
"October 5, 2024","15, 16, 27, 30, 57",24
"October 7, 2024","18, 30, 31, 52, 63",22
"October 7, 2024","24, 27, 47, 49, 55",11
"October 9, 2024","25, 32, 43, 53, 66",10
"October 9, 2024","4, 14, 29, 33, 59",17
"October 12, 2024","5, 14, 20, 41, 57",6
"October 12, 2024","18, 22, 32, 41, 49",24
"October 14, 2024","14, 18, 33, 64, 67",14
"October 14, 2024","7, 29, 31, 41, 54",8
"October 16, 2024","4, 30, 39, 44, 60",11
"October 16, 2024","29, 35, 41, 53, 68",9
"October 19, 2024","7, 16, 19, 45, 64",25
"October 19, 2024","19, 39, 53, 57, 68",16
"October 21, 2024","1, 25, 57, 62, 64",15
"October 21, 2024","2, 3, 7, 26, 34",1
"October 23, 2024","2, 15, 27, 29, 39",20
"October 23, 2024","1, 42, 43, 58, 66",20
"October 26, 2024","8, 12, 40, 45, 51",15
"October 26, 2024","1, 7, 25, 27, 57",18
"October 28, 2024","21, 27, 32, 48, 67",17
"October 28, 2024","6, 16, 19, 24, 40",5
"October 30, 2024","13, 22, 29, 43, 58",22
"October 30, 2024","18, 36, 39, 49, 62",12
"November 2, 2024","10, 45, 48, 58, 61",2
"November 2, 2024","4, 20, 37, 48, 58",24
"November 4, 2024","6, 18, 33, 48, 53",21
"November 4, 2024","8, 14, 16, 34, 51",14
"November 6, 2024","12, 17, 37, 58, 62",4
"November 6, 2024","12, 16, 17, 39, 45",10
"November 9, 2024","11, 24, 50, 56, 66",16
"November 9, 2024","9, 28, 40, 55, 57",22
"November 11, 2024","3, 21, 24, 34, 46",9
"November 11, 2024","16, 23, 38, 40, 57",10
"November 13, 2024","9, 20, 26, 43, 58",9
"November 13, 2024","14, 41, 45, 55, 59",13
"November 16, 2024","21, 22, 25, 32, 38",16
"November 16, 2024","16, 23, 31, 59, 63",10
"November 18, 2024","27, 31, 41, 52, 69",26
"November 18, 2024","2, 6, 24, 36, 43",13
"November 20, 2024","16, 30, 60, 62, 64",25
"November 20, 2024","3, 10, 37, 40, 68",1
"November 23, 2024","12, 13, 34, 44, 67",8
"November 23, 2024","36, 40, 41, 50, 60",13
"November 25, 2024","5, 35, 45, 60, 63",12
"November 25, 2024","2, 13, 25, 27, 39",10
"November 27, 2024","1, 6, 7, 13, 40",5
"November 27, 2024","19, 37, 41, 42, 62",13
"November 30, 2024","4, 24, 29, 39, 63",25
"November 30, 2024","9, 21, 37, 43, 61",23
"December 2, 2024","3, 9, 26, 61, 67",13
"December 2, 2024","14, 27, 34, 39, 40",4
"December 4, 2024","1, 23, 25, 28, 61",13
"December 4, 2024","14, 35, 43, 48, 54",1
"December 7, 2024","1, 31, 43, 55, 57",22
"December 7, 2024","8, 10, 39, 57, 61",12
"December 9, 2024","35, 37, 40, 45, 51",24
"December 9, 2024","7, 17, 28, 44, 54",8
"December 11, 2024","13, 44, 50, 52, 54",20
"December 11, 2024","18, 23, 34, 60, 62",19
"December 14, 2024","12, 17, 23, 52, 67",1
"December 14, 2024","12, 16, 36, 55, 64",3
"December 16, 2024","9, 30, 33, 57, 61",17
"December 16, 2024","2, 7, 15, 21, 56",12
"December 18, 2024","6, 15, 18, 33, 49",7
"December 18, 2024","41, 45, 52, 56, 67",6
"December 21, 2024","1, 12, 17, 21, 58",1
"December 21, 2024","29, 45, 46, 51, 59",3
"December 23, 2024","22, 42, 44, 57, 64",18
"December 23, 2024","16, 49, 62, 63, 68",10
"December 25, 2024","15, 26, 27, 30, 35",3
"December 25, 2024","8, 29, 30, 47, 57",1
"December 28, 2024","6, 31, 51, 54, 55",12
"December 28, 2024","22, 40, 42, 54, 68",7
"December 30, 2024","9, 19, 33, 38, 39",1
"December 30, 2024","15, 34, 52, 56, 57",14
"January 1, 2025","6, 12, 28, 35, 66",26
"January 1, 2025","8, 10, 25, 33, 66",20
"January 4, 2025","26, 32, 43, 54, 56",24
"January 4, 2025","12, 25, 63, 65, 66",14
"January 6, 2025","17, 34, 46, 66, 67",14
"January 6, 2025","41, 44, 54, 57, 64",13
"January 8, 2025","1, 20, 36, 38, 43",24
"January 8, 2025","22, 29, 36, 61, 65",17
"January 11, 2025","3, 6, 32, 37, 65",4
"January 11, 2025","22, 24, 25, 44, 53",20
"January 13, 2025","4, 6, 16, 39, 66",9
"January 13, 2025","29, 30, 32, 37, 56",18
"January 15, 2025","8, 41, 52, 53, 58",7
"January 15, 2025","11, 15, 25, 51, 54",15
"January 18, 2025","14, 31, 35, 64, 69",23
"January 18, 2025","7, 34, 40, 48, 57",17
"January 20, 2025","15, 16, 32, 47, 54",6
"January 20, 2025","10, 23, 33, 38, 54",17
"January 22, 2025","5, 6, 27, 40, 49",5
"January 22, 2025","1, 12, 39, 40, 52",15
"January 25, 2025","8, 15, 17, 53, 66",14
"January 25, 2025","2, 5, 52, 59, 60",16
"January 27, 2025","2, 40, 47, 53, 55",20
"January 27, 2025","1, 9, 34, 63, 67",6
"January 29, 2025","8, 12, 31, 33, 38",18
"January 29, 2025","18, 28, 41, 63, 68",4
"February 1, 2025","23, 29, 32, 49, 61",8
"February 1, 2025","3, 15, 37, 49, 69",16
"February 3, 2025","12, 37, 47, 54, 60",17
"February 3, 2025","7, 38, 39, 42, 55",10
"February 5, 2025","19, 27, 30, 50, 62",14
"February 5, 2025","13, 24, 40, 41, 50",4
"February 8, 2025","23, 44, 57, 60, 62",9
"February 8, 2025","5, 20, 23, 36, 53",17
"February 10, 2025","2, 17, 18, 29, 43",3
"February 10, 2025","2, 21, 34, 38, 44",19
"February 12, 2025","21, 32, 36, 45, 49",18
"February 12, 2025","11, 24, 26, 31, 39",15
"February 15, 2025","3, 16, 45, 54, 56",12
"February 15, 2025","12, 18, 43, 58, 61",19
"February 17, 2025","4, 44, 47, 52, 57",9
"February 17, 2025","17, 18, 49, 56, 59",8
"February 19, 2025","6, 21, 28, 49, 60",20
"February 19, 2025","15, 21, 34, 43, 60",23
"February 22, 2025","7, 18, 22, 50, 65",15
"February 22, 2025","9, 18, 26, 35, 57",14
"February 24, 2025","10, 11, 34, 59, 68",14
"February 24, 2025","22, 48, 61, 63, 66",17
"February 26, 2025","28, 48, 55, 60, 62",20
"February 26, 2025","21, 26, 45, 46, 64",11
"March 1, 2025","2, 23, 36, 44, 49",25
"March 1, 2025","6, 19, 37, 66, 68",6
"March 3, 2025","18, 20, 50, 52, 56",20
"March 3, 2025","9, 34, 54, 67, 69",11
"March 5, 2025","24, 28, 40, 63, 65",20
"March 5, 2025","22, 36, 39, 45, 50",14
"March 8, 2025","2, 4, 16, 23, 63",13
"March 8, 2025","21, 24, 37, 62, 68",11
"March 10, 2025","17, 40, 47, 50, 55",6
"March 10, 2025","41, 42, 46, 48, 59",3
"March 12, 2025","11, 13, 28, 51, 58",1
"March 12, 2025","30, 31, 45, 56, 69",25
"March 15, 2025","12, 28, 33, 36, 54",5
"March 15, 2025","35, 36, 47, 50, 58",11
"March 17, 2025","11, 18, 23, 38, 60",9
"March 17, 2025","4, 19, 21, 38, 64",26
"March 19, 2025","8, 11, 21, 49, 59",15
"March 19, 2025","7, 15, 36, 40, 56",8
"March 22, 2025","6, 7, 25, 46, 57",12
"March 22, 2025","2, 4, 47, 53, 64",11
"March 24, 2025","6, 23, 35, 36, 47",12
"March 24, 2025","2, 54, 59, 65, 68",3
"March 26, 2025","5, 20, 29, 39, 53",6
"March 26, 2025","26, 32, 41, 51, 66",22
"March 29, 2025","7, 11, 21, 53, 61",2
"March 29, 2025","7, 11, 14, 26, 59",10
"March 31, 2025","12, 41, 44, 52, 64",25
"March 31, 2025","2, 44, 52, 65, 66",12
"April 2, 2025","5, 17, 41, 64, 69",1
"April 2, 2025","7, 18, 23, 31, 44",24
"April 5, 2025","4, 23, 30, 46, 62",2
"April 5, 2025","10, 16, 20, 48, 51",5
"April 7, 2025","20, 23, 48, 59, 66",4
"April 7, 2025","2, 31, 36, 51, 58",15
"April 9, 2025","4, 29, 37, 55, 67",10
"April 9, 2025","2, 15, 44, 60, 68",23
"April 12, 2025","16, 22, 44, 45, 53",19
"April 12, 2025","5, 10, 46, 49, 60",16
"April 14, 2025","3, 20, 30, 52, 62",1
"April 14, 2025","9, 18, 41, 42, 63",4
"April 16, 2025","20, 24, 42, 43, 49",19
"April 16, 2025","7, 36, 40, 47, 59",9
"April 19, 2025","7, 25, 37, 39, 63",1
"April 19, 2025","2, 3, 21, 55, 63",12
"April 21, 2025","4, 33, 45, 46, 51",25
"April 21, 2025","18, 23, 34, 35, 67",13
"April 23, 2025","15, 44, 63, 66, 69",20
"April 23, 2025","37, 42, 49, 54, 66",26
"April 26, 2025","1, 12, 14, 18, 69",2
"April 26, 2025","12, 20, 26, 38, 40",5
"April 28, 2025","26, 43, 51, 56, 60",24
"April 28, 2025","11, 13, 39, 48, 61",3
"April 30, 2025","1, 2, 3, 57, 59",9
"April 30, 2025","1, 34, 38, 60, 65",9
"May 3, 2025","10, 21, 23, 35, 65",24
"May 3, 2025","14, 23, 33, 38, 60",3
"May 5, 2025","16, 34, 40, 45, 66",19
"May 5, 2025","21, 26, 28, 62, 63",1
"May 7, 2025","14, 15, 30, 40, 59",20
"May 7, 2025","9, 31, 32, 50, 57",14
"May 10, 2025","5, 20, 28, 39, 42",13
"May 10, 2025","24, 36, 43, 47, 69",22
"May 12, 2025","15, 16, 41, 48, 60",21
"May 12, 2025","23, 45, 53, 54, 57",18
"May 14, 2025","4, 10, 24, 29, 53",4
"May 14, 2025","2, 44, 55, 56, 67",5
"May 17, 2025","7, 34, 40, 42, 52",15
"May 17, 2025","14, 18, 31, 34, 37",17
"May 19, 2025","13, 14, 37, 50, 60",11
"May 19, 2025","11, 12, 27, 30, 35",7
"May 21, 2025","9, 29, 31, 34, 43",2
"May 21, 2025","4, 9, 21, 37, 56",2
"May 24, 2025","12, 18, 28, 48, 52",5
"May 24, 2025","25, 29, 50, 64, 65",3
"May 26, 2025","13, 47, 52, 64, 67",25
"May 26, 2025","7, 13, 27, 29, 67",8